Rk,Player,Nation,Pos,Squad,Age,Born,MP,Starts,Min,90s,Gls,Ast,G-PK,PK,PKatt,CrdY,CrdR,Gls,Ast,G+A,G-PK,G+A-PK,xG,npxG,xA,npxG+xA,xG,xA,xG+xA,npxG,npxG+xA,Matches
1,Max Aarons\774cf58b,eng ENG,DF,Norwich City,22-018,2000,21,21,1879,20.9,0,1,0,0,0,5,0,0.00,0.05,0.05,0.00,0.05,0.6,0.6,0.9,1.4,0.03,0.04,0.07,0.03,0.07,Matches
2,Che Adams\f2bf1b0f,sct SCO,FW,Southampton,25-193,1996,15,11,939,10.4,4,1,4,0,0,0,0,0.38,0.10,0.48,0.38,0.48,2.7,2.7,1.4,4.1,0.26,0.14,0.40,0.26,0.40,Matches
3,Rayan Aït Nouri\9b398aea,fr FRA,DF,Wolves,20-230,2001,10,9,808,9.0,0,2,0,0,0,1,0,0.00,0.22,0.22,0.00,0.22,0.3,0.3,0.9,1.2,0.03,0.10,0.13,0.03,0.13,Matches
4,Kristoffer Ajer\a8c0acb7,no NOR,DF,Brentford,23-280,1998,9,8,745,8.3,0,0,0,0,0,2,0,0.00,0.00,0.00,0.00,0.00,0.2,0.2,0.3,0.5,0.02,0.03,0.06,0.02,0.06,Matches
5,Nathan Aké\eaeca114,nl NED,DF,Manchester City,26-338,1995,8,6,581,6.5,1,0,1,0,0,0,0,0.15,0.00,0.15,0.15,0.15,0.3,0.3,0.0,0.3,0.04,0.00,0.04,0.04,0.04,Matches
6,Marc Albrighton\b827d5b3,eng ENG,DFFW,Leicester City,32-065,1989,9,5,520,5.8,1,0,1,0,0,1,0,0.17,0.00,0.17,0.17,0.17,0.5,0.5,0.3,0.7,0.08,0.05,0.13,0.08,0.13,Matches
7,Thiago Alcántara\77e84962,es ESP,MF,Liverpool,30-286,1991,11,8,676,7.5,1,1,1,0,0,1,0,0.13,0.13,0.27,0.13,0.27,1.5,1.5,1.0,2.5,0.19,0.13,0.33,0.19,0.33,Matches
8,Trent Alexander-Arnold\cd1acf9d,eng ENG,DF,Liverpool,23-107,1998,19,19,1684,18.7,2,10,2,0,0,1,0,0.11,0.53,0.64,0.11,0.64,2.0,2.0,7.5,9.5,0.11,0.40,0.51,0.11,0.51,Matches
9,Alisson\7a2e46a8,br BRA,GK,Liverpool,29-112,1992,19,19,1710,19.0,0,0,0,0,0,0,0,0.00,0.00,0.00,0.00,0.00,0.0,0.0,0.0,0.0,0.00,0.00,0.00,0.00,0.00,Matches
10,Allan\cc700722,br BRA,MF,Everton,31-014,1991,16,16,1407,15.6,0,2,0,0,0,2,0,0.00,0.13,0.13,0.00,0.13,0.1,0.1,0.5,0.6,0.01,0.03,0.04,0.01,0.04,Matches
11,Dele Alli\cea4ee8f,eng ENG,MFFW,Tottenham,25-286,1996,10,8,657,7.3,1,0,0,1,1,1,0,0.14,0.00,0.14,0.00,0.00,1.5,0.7,0.8,1.5,0.20,0.11,0.31,0.10,0.21,Matches
12,Miguel Almirón\862a1c15,py PAR,MF,Newcastle Utd,27-346,1994,17,11,980,10.9,0,0,0,0,0,1,0,0.00,0.00,0.00,0.00,0.00,0.9,0.9,0.4,1.3,0.08,0.04,0.12,0.08,0.12,Matches
13,Marcos Alonso\f4290206,es ESP,DF,Chelsea,31-025,1990,17,16,1427,15.9,1,2,1,0,0,6,0,0.06,0.13,0.19,0.06,0.19,1.8,1.8,2.8,4.5,0.11,0.17,0.29,0.11,0.29,Matches
14,Steven Alzate\ad1f61f3,co COL,MF,Brighton,23-136,1998,5,2,189,2.1,0,0,0,0,0,0,0,0.00,0.00,0.00,0.00,0.00,0.1,0.1,0.2,0.3,0.03,0.10,0.13,0.03,0.13,Matches
15,Daniel Amartey\1a4ef233,gh GHA,DF,Leicester City,27-032,1994,10,9,786,8.7,0,0,0,0,0,1,0,0.00,0.00,0.00,0.00,0.00,0.0,0.0,0.0,0.0,0.00,0.00,0.00,0.00,0.00,Matches
16,Joachim Andersen\e34fc66d,dk DEN,DF,Crystal Palace,25-236,1996,17,15,1386,15.4,0,1,0,0,0,3,0,0.00,0.06,0.06,0.00,0.06,0.3,0.3,0.5,0.8,0.02,0.03,0.05,0.02,0.05,Matches
17,Michail Antonio\ac05f970,jm JAM,FW,West Ham,31-300,1990,21,20,1837,20.4,8,6,8,0,1,6,1,0.39,0.29,0.69,0.39,0.69,7.7,7.5,5.0,12.5,0.38,0.25,0.62,0.37,0.61,Matches
18,Cameron Archer\05e8ca6d,eng ENG,MFFW,Aston Villa,20-185,2001,3,0,27,0.3,0,0,0,0,0,0,0,0.00,0.00,0.00,0.00,0.00,0.0,0.0,0.0,0.0,0.07,0.00,0.07,0.07,0.07,Matches
19,Adam Armstrong\68c720b5,eng ENG,FW,Southampton,24-346,1997,18,14,1197,13.3,2,2,2,0,0,1,0,0.15,0.15,0.30,0.15,0.30,4.1,4.1,1.7,5.8,0.31,0.13,0.43,0.31,0.43,Matches
20,Stuart Armstrong\97333cf5,sct SCO,MF,Southampton,29-298,1992,8,2,258,2.9,0,0,0,0,0,0,0,0.00,0.00,0.00,0.00,0.00,0.6,0.6,0.3,0.8,0.20,0.09,0.29,0.20,0.29,Matches
21,Kepa Arrizabalaga\28d596a0,es ESP,GK,Chelsea,27-111,1994,3,3,270,3.0,0,0,0,0,0,0,0,0.00,0.00,0.00,0.00,0.00,0.0,0.0,0.0,0.0,0.00,0.00,0.00,0.00,0.00,Matches
22,Harrison Ashby\b391383a,sct SCO,DF,West Ham,20-069,2001,1,0,7,0.1,0,0,0,0,0,0,0,0.00,0.00,0.00,0.00,0.00,0.0,0.0,0.0,0.0,0.00,0.00,0.00,0.00,0.00,Matches
23,Pierre-Emerick Aubameyang\d5dd5f1f,ga GAB,FW,Arsenal,32-218,1989,14,12,1037,11.5,4,1,4,0,2,3,0,0.35,0.09,0.43,0.35,0.43,5.8,4.1,0.8,5.0,0.50,0.07,0.57,0.36,0.43,Matches
24,Jordan Ayew\da052c14,gh GHA,FW,Crystal Palace,30-133,1991,19,16,1318,14.6,1,2,1,0,0,1,0,0.07,0.14,0.20,0.07,0.20,2.2,2.2,2.1,4.3,0.15,0.14,0.30,0.15,0.30,Matches
25,Luke Ayling\420d7c7d,eng ENG,DF,Leeds United,30-150,1991,11,11,988,11.0,1,2,1,0,0,0,0,0.09,0.18,0.27,0.09,0.27,0.5,0.5,0.1,0.6,0.05,0.00,0.05,0.05,0.05,Matches
26,César Azpilicueta\53cad200,es ESP,DF,Chelsea,32-147,1989,16,15,1300,14.4,0,2,0,0,0,0,0,0.00,0.14,0.14,0.00,0.14,0.7,0.7,1.7,2.4,0.05,0.12,0.17,0.05,0.17,Matches
27,Daniel Bachmann\1c0eea98,at AUT,GK,Watford,27-197,1994,11,11,990,11.0,0,0,0,0,0,0,0,0.00,0.00,0.00,0.00,0.00,0.0,0.0,0.0,0.0,0.00,0.00,0.00,0.00,0.00,Matches
28,Leon Bailey\3a233281,jm JAM,FWMF,Aston Villa,24-166,1997,9,4,424,4.7,1,2,1,0,0,1,0,0.21,0.42,0.64,0.21,0.64,1.1,1.1,0.3,1.4,0.24,0.06,0.30,0.24,0.30,Matches
29,Eric Bailly\a1232f4e,ci CIV,DF,Manchester Utd,27-285,1994,4,3,217,2.4,0,0,0,0,0,1,0,0.00,0.00,0.00,0.00,0.00,0.0,0.0,0.0,0.0,0.00,0.00,0.00,0.00,0.00,Matches
30,Folarin Balogun\31822f8c,eng ENG,FW,Arsenal,20-203,2001,2,1,70,0.8,0,0,0,0,0,0,0,0.00,0.00,0.00,0.00,0.00,0.3,0.3,0.0,0.3,0.35,0.00,0.35,0.35,0.35,Matches
31,Patrick Bamford\93feac6e,eng ENG,FW,Leeds United,28-139,1993,6,5,459,5.1,2,2,2,0,0,2,0,0.39,0.39,0.78,0.39,0.78,3.2,3.2,0.6,3.8,0.63,0.11,0.74,0.63,0.74,Matches
32,Shandon Baptiste\2886c9b5,gd GRN,MF,Brentford,23-289,1998,16,9,765,8.5,1,1,1,0,0,2,1,0.12,0.12,0.24,0.12,0.24,0.5,0.5,0.4,0.9,0.06,0.05,0.11,0.06,0.11,Matches
33,Ross Barkley\3a24769f,eng ENG,MF,Chelsea,28-048,1993,5,1,154,1.7,0,0,0,0,0,0,0,0.00,0.00,0.00,0.00,0.00,0.8,0.8,0.5,1.4,0.48,0.32,0.80,0.48,0.80,Matches
34,Ashley Barnes\2691c772,eng ENG,FW,Burnley,32-084,1989,8,4,382,4.2,0,0,0,0,0,2,0,0.00,0.00,0.00,0.00,0.00,0.7,0.7,0.8,1.4,0.16,0.19,0.34,0.16,0.34,Matches
35,Harvey Barnes\3ea50f67,eng ENG,FWMF,Leicester City,24-044,1997,15,13,1041,11.6,2,3,2,0,0,2,0,0.17,0.26,0.43,0.17,0.43,2.4,2.4,1.5,3.9,0.20,0.13,0.34,0.20,0.34,Matches
36,Lewis Bate\cd4256d3,eng ENG,MF,Leeds United,19-085,2002,1,0,43,0.5,0,0,0,0,0,0,0,0.00,0.00,0.00,0.00,0.00,0.0,0.0,0.0,0.0,0.00,0.00,0.00,0.00,0.00,Matches
37,Mads Bech Sørensen\30db8574,dk DEN,DF,Brentford,23-015,1999,5,4,380,4.2,0,0,0,0,0,1,0,0.00,0.00,0.00,0.00,0.00,0.0,0.0,0.2,0.2,0.01,0.04,0.05,0.01,0.05,Matches
38,Jan Bednarek\4115ce4e,pl POL,DF,Southampton,25-285,1996,16,15,1344,14.9,3,0,3,0,0,4,0,0.20,0.00,0.20,0.20,0.20,1.2,1.2,0.2,1.4,0.08,0.02,0.10,0.08,0.10,Matches
39,Donny van de Beek\50dc94ce,nl NED,MF,Manchester Utd,24-279,1997,8,0,75,0.8,1,0,1,0,0,0,0,1.20,0.00,1.20,1.20,1.20,0.7,0.7,0.5,1.2,0.88,0.58,1.46,0.88,1.46,Matches
40,Asmir Begović\7b4de647,ba BIH,GK,Everton,34-216,1987,1,1,90,1.0,0,0,0,0,0,0,0,0.00,0.00,0.00,0.00,0.00,0.0,0.0,0.0,0.0,0.00,0.00,0.00,0.00,0.00,Matches
41,Saïd Benrahma\5a04fd92,dz ALG,FWMF,West Ham,26-165,1995,20,18,1438,16.0,5,4,5,0,0,0,0,0.31,0.25,0.56,0.31,0.56,3.3,3.3,2.1,5.4,0.21,0.13,0.34,0.21,0.34,Matches
42,Christian Benteke\ab070c55,be BEL,FW,Crystal Palace,31-050,1990,20,11,1079,12.0,4,1,4,0,0,3,0,0.33,0.08,0.42,0.33,0.42,5.4,5.4,1.1,6.4,0.45,0.09,0.54,0.45,0.54,Matches
43,Jóhann Berg Guðmundsson\f72293fc,is ISL,MF,Burnley,31-087,1990,17,13,1094,12.2,0,1,0,0,0,2,0,0.00,0.08,0.08,0.00,0.08,1.7,1.7,0.3,2.0,0.14,0.03,0.16,0.14,0.16,Matches
44,Steven Bergwijn\a29b1131,nl NED,FW,Tottenham,24-106,1997,9,3,324,3.6,2,1,2,0,0,1,0,0.56,0.28,0.83,0.56,0.83,1.7,1.7,0.5,2.2,0.48,0.14,0.62,0.48,0.62,Matches
45,Ryan Bertrand\01226327,eng ENG,DF,Leicester City,32-170,1989,4,4,337,3.7,0,0,0,0,0,1,0,0.00,0.00,0.00,0.00,0.00,0.0,0.0,0.3,0.3,0.00,0.08,0.08,0.00,0.08,Matches
46,Mads Bidstrup\407db0d5,dk DEN,MF,Brentford,20-331,2001,4,0,41,0.5,0,0,0,0,0,0,0,0.00,0.00,0.00,0.00,0.00,0.0,0.0,0.0,0.0,0.00,0.00,0.00,0.00,0.00,Matches
47,Yves Bissouma\6c203af0,ml MLI,MF,Brighton,25-145,1996,14,14,1210,13.4,0,1,0,0,0,6,0,0.00,0.07,0.07,0.00,0.07,0.6,0.6,0.6,1.2,0.04,0.04,0.09,0.04,0.09,Matches
48,Jarrod Bowen\79c84d1c,eng ENG,FW,West Ham,25-033,1996,22,21,1854,20.6,6,7,6,0,0,2,0,0.29,0.34,0.63,0.29,0.63,8.0,8.0,4.1,12.2,0.39,0.20,0.59,0.39,0.59,Matches
49,Jarrad Branthwaite\c1949191,eng ENG,DF,Everton,19-209,2002,1,1,90,1.0,1,0,1,0,0,0,0,1.00,0.00,1.00,1.00,1.00,0.4,0.4,0.0,0.4,0.36,0.00,0.36,0.36,0.36,Matches
50,Armando Broja\97220da2,al ALB,FW,Southampton,20-134,2001,17,9,877,9.7,5,0,5,0,0,1,0,0.51,0.00,0.51,0.51,0.51,3.2,3.2,0.9,4.1,0.33,0.09,0.42,0.33,0.42,Matches
51,Josh Brownhill\47369df8,eng ENG,MF,Burnley,26-034,1995,15,13,1203,13.4,0,0,0,0,0,4,0,0.00,0.00,0.00,0.00,0.00,0.6,0.6,1.0,1.6,0.05,0.08,0.12,0.05,0.12,Matches
52,Bryan\7b5ab7f2,es ESP,MFFW,Tottenham,20-345,2001,8,0,92,1.0,0,0,0,0,0,0,0,0.00,0.00,0.00,0.00,0.00,0.0,0.0,0.1,0.1,0.03,0.07,0.10,0.03,0.10,Matches
53,Emi Buendía\66b76d44,ar ARG,FWMF,Aston Villa,25-028,1996,18,14,1145,12.7,1,3,1,0,0,1,0,0.08,0.24,0.31,0.08,0.31,1.6,1.6,2.4,4.0,0.13,0.19,0.31,0.13,0.31,Matches
54,Dan Burn\b2d31e83,eng ENG,DF,Brighton,29-258,1992,12,11,932,10.4,1,0,1,0,0,3,0,0.10,0.00,0.10,0.10,0.10,1.2,1.2,0.0,1.2,0.11,0.00,0.12,0.11,0.12,Matches
55,Jack Butland\cc70a1d5,eng ENG,GK,Crystal Palace,28-318,1993,3,3,270,3.0,0,0,0,0,0,0,0,0.00,0.00,0.00,0.00,0.00,0.0,0.0,0.0,0.0,0.00,0.00,0.00,0.00,0.00,Matches
56,Sam Byram\1bf811d4,eng ENG,DFMF,Norwich City,28-128,1993,4,1,154,1.7,0,0,0,0,0,2,0,0.00,0.00,0.00,0.00,0.00,0.3,0.3,0.0,0.3,0.17,0.02,0.19,0.17,0.19,Matches
57,Willy Caballero\a179d516,ar ARG,GK,Southampton,40-116,1981,2,2,180,2.0,0,0,0,0,0,1,0,0.00,0.00,0.00,0.00,0.00,0.0,0.0,0.0,0.0,0.00,0.00,0.00,0.00,0.00,Matches
58,Dominic Calvert-Lewin\59e6e5bf,eng ENG,FW,Everton,24-312,1997,5,5,428,4.8,3,0,1,2,3,0,0,0.63,0.00,0.63,0.21,0.21,5.0,2.7,0.1,2.8,1.05,0.03,1.08,0.57,0.60,Matches
59,João Cancelo\bd6351cd,pt POR,DF,Manchester City,27-240,1994,21,21,1877,20.9,1,5,1,0,0,5,0,0.05,0.24,0.29,0.05,0.29,2.1,2.1,3.0,5.1,0.10,0.14,0.24,0.10,0.24,Matches
60,Sergi Canós\1137759d,es ESP,DF,Brentford,24-354,1997,21,19,1565,17.4,2,2,2,0,0,5,0,0.12,0.12,0.23,0.12,0.23,2.0,2.0,1.3,3.3,0.12,0.07,0.19,0.12,0.19,Matches
61,Todd Cantwell\f63d8a4b,eng ENG,FWMF,Norwich City,23-329,1998,8,5,441,4.9,0,0,0,0,0,2,0,0.00,0.00,0.00,0.00,0.00,0.2,0.2,0.2,0.4,0.03,0.04,0.07,0.03,0.07,Matches
62,Matty Cash\2389cdc2,pl POL,DF,Aston Villa,24-168,1997,20,20,1783,19.8,1,0,1,0,0,4,0,0.05,0.00,0.05,0.05,0.05,1.2,1.2,1.2,2.4,0.06,0.06,0.12,0.06,0.12,Matches
63,Timothy Castagne\197640fd,be BEL,DF,Leicester City,26-048,1995,16,12,1273,14.1,0,0,0,0,0,1,0,0.00,0.00,0.00,0.00,0.00,0.1,0.1,0.4,0.5,0.00,0.03,0.03,0.00,0.03,Matches
64,Craig Cathcart\89e4b358,nir NIR,DF,Watford,32-350,1989,17,17,1463,16.3,0,1,0,0,0,3,0,0.00,0.06,0.06,0.00,0.06,0.1,0.1,0.0,0.1,0.00,0.00,0.01,0.00,0.01,Matches
65,Edinson Cavani\527f063d,uy URU,FW,Manchester Utd,34-342,1987,9,5,528,5.9,2,0,2,0,0,0,0,0.34,0.00,0.34,0.34,0.34,2.4,2.4,0.3,2.7,0.40,0.05,0.46,0.40,0.46,Matches
66,Trevoh Chalobah\5515376c,eng ENG,DF,Chelsea,22-201,1999,14,11,909,10.1,2,0,2,0,0,1,0,0.20,0.00,0.20,0.20,0.20,0.6,0.6,0.0,0.6,0.06,0.00,0.06,0.06,0.06,Matches
67,Calum Chambers\dc6f5bdd,eng ENG,DF,Arsenal,27-002,1995,2,2,170,1.9,0,0,0,0,0,0,0,0.00,0.00,0.00,0.00,0.00,0.1,0.1,0.1,0.1,0.05,0.03,0.07,0.05,0.07,Matches
68,Ben Chilwell\d2424d1b,eng ENG,DF,Chelsea,25-032,1996,6,6,540,6.0,3,1,3,0,0,0,0,0.50,0.17,0.67,0.50,0.67,1.2,1.2,0.9,2.1,0.19,0.15,0.35,0.19,0.35,Matches
69,Hamza Choudhury\7d2d3329,eng ENG,MFDF,Leicester City,24-113,1997,4,3,224,2.5,0,0,0,0,0,1,0,0.00,0.00,0.00,0.00,0.00,0.0,0.0,0.0,0.0,0.01,0.00,0.01,0.01,0.01,Matches
70,Andreas Christensen\1cb49278,dk DEN,DF,Chelsea,25-287,1996,13,11,1001,11.1,0,0,0,0,0,2,0,0.00,0.00,0.00,0.00,0.00,0.3,0.3,0.1,0.4,0.03,0.01,0.04,0.03,0.04,Matches
71,Carney Chukwuemeka\b2f9c73e,eng ENG,MFFW,Aston Villa,18-015,2004,6,1,139,1.5,0,1,0,0,0,0,0,0.00,0.65,0.65,0.00,0.65,0.4,0.4,1.0,1.4,0.28,0.64,0.92,0.28,0.92,Matches
72,Ciaran Clark\2b91cf8e,ie IRL,DF,Newcastle Utd,32-118,1989,12,12,991,11.0,0,1,0,0,0,2,1,0.00,0.09,0.09,0.00,0.09,0.8,0.8,0.3,1.1,0.07,0.03,0.10,0.07,0.10,Matches
73,Tom Cleverley\6cdd8245,eng ENG,MF,Watford,32-163,1989,15,10,798,8.9,0,2,0,0,0,1,0,0.00,0.23,0.23,0.00,0.23,0.3,0.3,1.3,1.6,0.04,0.15,0.20,0.04,0.20,Matches
74,Nathaniel Clyne\0442183b,eng ENG,DF,Crystal Palace,30-292,1991,2,1,91,1.0,0,0,0,0,0,1,0,0.00,0.00,0.00,0.00,0.00,0.0,0.0,0.0,0.0,0.00,0.00,0.00,0.00,0.00,Matches
75,Conor Coady\2928dca2,eng ENG,DF,Wolves,28-331,1993,20,20,1796,20.0,2,0,2,0,0,1,0,0.10,0.00,0.10,0.10,0.10,1.6,1.6,0.0,1.6,0.08,0.00,0.08,0.08,0.08,Matches
76,Séamus Coleman\0420d84f,ie IRL,DF,Everton,33-103,1988,15,15,1313,14.6,0,0,0,0,0,2,0,0.00,0.00,0.00,0.00,0.00,0.2,0.2,0.9,1.0,0.01,0.06,0.07,0.01,0.07,Matches
77,Nathan Collins\a8c19eb8,ie IRL,DF,Burnley,20-267,2001,5,5,450,5.0,0,0,0,0,0,1,0,0.00,0.00,0.00,0.00,0.00,0.1,0.1,0.4,0.5,0.01,0.09,0.10,0.01,0.10,Matches
78,Aaron Connolly\27c01749,ie IRL,FW,Brighton,21-359,2000,4,1,156,1.7,0,0,0,0,0,0,0,0.00,0.00,0.00,0.00,0.00,0.5,0.5,0.4,0.8,0.26,0.20,0.47,0.26,0.47,Matches
79,Liam Cooper\dc64b8b3,sct SCO,DF,Leeds United,30-145,1991,15,15,1274,14.2,0,1,0,0,0,4,0,0.00,0.07,0.07,0.00,0.07,0.2,0.2,0.0,0.3,0.02,0.00,0.02,0.02,0.02,Matches
80,Jack Cork\74e12f1e,eng ENG,MF,Burnley,32-211,1989,8,8,641,7.1,0,0,0,0,0,1,0,0.00,0.00,0.00,0.00,0.00,0.1,0.1,0.0,0.1,0.01,0.00,0.02,0.01,0.02,Matches
81,Maxwel Cornet\beb391dd,ci CIV,FWMF,Burnley,25-117,1996,10,8,607,6.7,6,0,6,0,0,2,0,0.89,0.00,0.89,0.89,0.89,2.0,2.0,0.5,2.5,0.29,0.08,0.38,0.29,0.38,Matches
82,Hélder Costa\f13d02a6,ao ANG,MF,Leeds United,28-010,1994,1,0,22,0.2,0,0,0,0,0,0,0,0.00,0.00,0.00,0.00,0.00,0.0,0.0,0.0,0.0,0.11,0.00,0.11,0.11,0.11,Matches
83,Vladimír Coufal\fdf3cb77,cz CZE,DF,West Ham,29-153,1992,19,16,1454,16.2,0,3,0,0,0,3,1,0.00,0.19,0.19,0.00,0.19,0.5,0.5,2.0,2.6,0.03,0.13,0.16,0.03,0.16,Matches
84,Philippe Coutinho\0ef89a37,br BRA,FWMF,Aston Villa,29-224,1992,1,0,23,0.3,1,0,1,0,0,0,0,3.91,0.00,3.91,3.91,3.91,0.8,0.8,0.0,0.8,3.19,0.00,3.19,3.19,3.19,Matches
85,Aaron Cresswell\4f974391,eng ENG,DF,West Ham,32-038,1989,15,15,1320,14.7,1,2,1,0,0,0,0,0.07,0.14,0.20,0.07,0.20,0.4,0.4,2.0,2.4,0.03,0.14,0.16,0.03,0.16,Matches
86,Charlie Cresswell\4654e5f5,eng ENG,DF,Leeds United,19-046,2002,4,1,95,1.1,0,0,0,0,0,0,0,0.00,0.00,0.00,0.00,0.00,0.0,0.0,0.0,0.0,0.00,0.00,0.00,0.00,0.00,Matches
87,Cucho\71b47ab9,co COL,FWMF,Watford,22-277,1999,16,6,695,7.7,2,1,2,0,0,0,0,0.26,0.13,0.39,0.26,0.39,0.9,0.9,1.2,2.2,0.13,0.17,0.29,0.13,0.29,Matches
88,Marc Cucurella\1daec722,es ESP,DF,Brighton,23-184,1998,18,18,1559,17.3,0,1,0,0,0,3,0,0.00,0.06,0.06,0.00,0.06,0.2,0.2,1.8,2.0,0.01,0.10,0.12,0.01,0.12,Matches
89,Luke Cundle\cc3b8e78,eng ENG,MF,Wolves,19-271,2002,1,0,1,0.0,0,0,0,0,0,0,0,0.00,0.00,0.00,0.00,0.00,0.0,0.0,0.0,0.0,0.00,0.00,0.00,0.00,0.00,Matches
90,Patson Daka\ca45605e,zm ZAM,FWMF,Leicester City,23-105,1998,8,3,364,4.0,3,3,3,0,0,0,0,0.74,0.74,1.48,0.74,1.48,2.7,2.7,1.4,4.1,0.67,0.34,1.01,0.67,1.01,Matches
91,Stuart Dallas\67ca8566,nir NIR,DFMF,Leeds United,30-278,1991,20,20,1787,19.9,1,1,1,0,0,2,0,0.05,0.05,0.10,0.05,0.10,1.5,1.5,1.8,3.3,0.07,0.09,0.17,0.07,0.17,Matches
92,Diogo Dalot\d9565625,pt POR,DF,Manchester Utd,22-310,1999,11,6,643,7.1,0,0,0,0,0,2,0,0.00,0.00,0.00,0.00,0.00,0.3,0.3,0.3,0.5,0.04,0.04,0.08,0.04,0.08,Matches
93,Karl Darlow\cde3309f,eng ENG,GK,Newcastle Utd,31-106,1990,8,8,720,8.0,0,0,0,0,0,1,0,0.00,0.00,0.00,0.00,0.00,0.0,0.0,0.0,0.0,0.00,0.00,0.00,0.00,0.00,Matches
94,Ben Davies\44781702,wls WAL,DF,Tottenham,28-273,1993,10,9,841,9.3,0,1,0,0,0,2,0,0.00,0.11,0.11,0.00,0.11,1.1,1.1,0.5,1.6,0.12,0.05,0.17,0.12,0.17,Matches
95,Tom Davies\9228b07c,eng ENG,MF,Everton,23-206,1998,5,1,158,1.8,1,0,1,0,0,0,0,0.57,0.00,0.57,0.57,0.57,0.9,0.9,0.0,0.9,0.52,0.00,0.52,0.52,0.52,Matches
96,Keinan Davis\9deaf2c8,eng ENG,FW,Aston Villa,23-343,1998,1,0,12,0.1,0,0,0,0,0,0,0,0.00,0.00,0.00,0.00,0.00,0.0,0.0,0.0,0.0,0.00,0.00,0.00,0.00,0.00,Matches
97,Craig Dawson\3e9e06cb,eng ENG,DF,West Ham,31-261,1990,19,15,1433,15.9,0,1,0,0,0,3,0,0.00,0.06,0.06,0.00,0.06,1.5,1.5,0.5,2.0,0.10,0.03,0.13,0.10,0.13,Matches
98,Kevin De Bruyne\e46012d4,be BEL,MF,Manchester City,30-208,1991,16,11,1007,11.2,6,1,6,0,0,0,0,0.54,0.09,0.63,0.54,0.63,2.8,2.8,4.2,7.0,0.25,0.38,0.63,0.25,0.63,Matches
99,Troy Deeney\82e34b69,eng ENG,FW,Watford,33-207,1988,2,0,25,0.3,0,0,0,0,0,0,0,0.00,0.00,0.00,0.00,0.00,0.4,0.4,0.1,0.5,1.45,0.32,1.77,1.45,1.77,Matches
100,Fabian Delph\111c3236,eng ENG,MF,Everton,32-062,1989,6,3,249,2.8,0,0,0,0,0,1,0,0.00,0.00,0.00,0.00,0.00,0.0,0.0,0.0,0.1,0.01,0.02,0.02,0.01,0.02,Matches
101,Leander Dendoncker\5a7301ae,be BEL,MFFW,Wolves,26-282,1995,16,8,789,8.8,0,1,0,0,0,3,0,0.00,0.11,0.11,0.00,0.11,0.6,0.6,0.8,1.4,0.07,0.09,0.16,0.07,0.16,Matches
102,Emmanuel Dennis\2c44a35d,ng NGA,FWMF,Watford,24-068,1997,19,18,1463,16.3,8,5,8,0,0,8,1,0.49,0.31,0.80,0.49,0.80,4.3,4.3,2.1,6.5,0.28,0.14,0.42,0.28,0.42,Matches
103,Kiernan Dewsbury Hall\5c74c0f5,eng ENG,MF,Leicester City,23-138,1998,10,5,525,5.8,0,2,0,0,0,1,0,0.00,0.34,0.34,0.00,0.34,0.6,0.6,1.0,1.7,0.11,0.18,0.28,0.11,0.28,Matches
104,Ibrahima Diallo\11ff3d56,fr FRA,MF,Southampton,22-320,1999,15,7,730,8.1,0,2,0,0,0,0,0,0.00,0.25,0.25,0.00,0.25,0.4,0.4,0.9,1.3,0.05,0.11,0.15,0.05,0.15,Matches
105,Raphael Dias Belloli\3423f250,br BRA,MFFW,Leeds United,25-039,1996,18,18,1527,17.0,8,2,5,3,3,4,0,0.47,0.12,0.59,0.29,0.41,6.4,4.2,3.7,7.9,0.38,0.22,0.60,0.25,0.47,Matches
106,Rúben Dias\31c69ef1,pt POR,DF,Manchester City,24-253,1997,20,19,1682,18.7,2,2,2,0,0,4,0,0.11,0.11,0.21,0.11,0.21,1.4,1.4,1.1,2.4,0.07,0.06,0.13,0.07,0.13,Matches
107,Eric Dier\ac861941,eng ENG,DF,Tottenham,28-007,1994,18,18,1541,17.1,0,0,0,0,0,0,0,0.00,0.00,0.00,0.00,0.00,0.4,0.4,1.3,1.7,0.02,0.08,0.10,0.02,0.10,Matches
108,Lucas Digne\1b84dbe1,fr FRA,DF,Aston Villa,28-186,1993,1,1,90,1.0,0,0,0,0,0,1,0,0.00,0.00,0.00,0.00,0.00,0.1,0.1,0.2,0.3,0.07,0.19,0.26,0.07,0.26,Matches
109,Lucas Digne\1b84dbe1,fr FRA,DF,Everton,28-186,1993,13,13,1170,13.0,0,0,0,0,0,4,0,0.00,0.00,0.00,0.00,0.00,0.4,0.4,1.7,2.1,0.03,0.13,0.16,0.03,0.16,Matches
110,Virgil van Dijk\e06683ca,nl NED,DF,Liverpool,30-198,1991,19,19,1710,19.0,1,1,1,0,0,2,0,0.05,0.05,0.11,0.05,0.11,1.5,1.5,0.1,1.6,0.08,0.00,0.08,0.08,0.08,Matches
111,Issa Diop\a712ca2b,fr FRA,DF,West Ham,25-013,1997,8,8,716,8.0,0,0,0,0,0,0,0,0.00,0.00,0.00,0.00,0.00,0.1,0.1,0.0,0.1,0.01,0.00,0.01,0.01,0.01,Matches
112,Moussa Djenepo\254147d4,ml MLI,MF,Southampton,23-221,1998,8,5,430,4.8,0,0,0,0,0,3,0,0.00,0.00,0.00,0.00,0.00,1.5,1.5,0.2,1.7,0.31,0.05,0.36,0.31,0.36,Matches
113,Lewis Dobbin\e814e1cf,eng ENG,FWMF,Everton,19-019,2003,3,0,32,0.4,0,0,0,0,0,1,0,0.00,0.00,0.00,0.00,0.00,0.0,0.0,0.0,0.0,0.00,0.00,0.00,0.00,0.00,Matches
114,Matt Doherty\d557d734,ie IRL,DF,Tottenham,30-006,1992,5,0,147,1.6,0,1,0,0,0,0,0,0.00,0.61,0.61,0.00,0.61,1.1,1.1,0.3,1.4,0.66,0.17,0.83,0.66,0.83,Matches
115,Gabriel Dos Santos\67ac5bb8,br BRA,DF,Arsenal,24-034,1997,17,17,1476,16.4,2,0,2,0,0,4,1,0.12,0.00,0.12,0.12,0.12,0.9,0.9,0.3,1.2,0.05,0.02,0.07,0.05,0.07,Matches
116,Abdoulaye Doucouré\02b29014,fr FRA,MF,Everton,29-021,1993,15,15,1350,15.0,2,4,2,0,0,4,0,0.13,0.27,0.40,0.13,0.40,1.9,1.9,1.2,3.0,0.13,0.08,0.20,0.13,0.20,Matches
117,Kieran Dowell\2f6ec02a,eng ENG,FWMF,Norwich City,24-104,1997,9,4,342,3.8,0,0,0,0,0,0,0,0.00,0.00,0.00,0.00,0.00,0.2,0.2,0.6,0.7,0.04,0.15,0.19,0.04,0.19,Matches
118,Cody Drameh\e0d1510a,eng ENG,DF,Leeds United,20-045,2001,3,1,128,1.4,0,0,0,0,0,1,0,0.00,0.00,0.00,0.00,0.00,0.0,0.0,0.0,0.0,0.00,0.01,0.01,0.00,0.01,Matches
119,Martin Dúbravka\3a949a25,sk SVK,GK,Newcastle Utd,33-007,1989,8,8,720,8.0,0,0,0,0,0,0,0,0.00,0.00,0.00,0.00,0.00,0.0,0.0,0.0,0.0,0.00,0.00,0.00,0.00,0.00,Matches
120,Shane Duffy\7314bba4,ie IRL,DF,Brighton,30-021,1992,14,12,1165,12.9,1,0,1,0,0,5,0,0.08,0.00,0.08,0.08,0.08,0.8,0.8,0.1,0.9,0.06,0.01,0.07,0.06,0.07,Matches
121,Paul Dummett\3fe6bd8c,wls WAL,DF,Newcastle Utd,30-118,1991,1,1,90,1.0,0,0,0,0,0,1,0,0.00,0.00,0.00,0.00,0.00,0.0,0.0,0.0,0.0,0.00,0.00,0.00,0.00,0.00,Matches
122,Lewis Dunk\282f75f3,eng ENG,DF,Brighton,30-062,1991,14,14,1260,14.0,0,0,0,0,0,0,0,0.00,0.00,0.00,0.00,0.00,0.4,0.4,0.2,0.6,0.03,0.01,0.04,0.03,0.04,Matches
123,Ederson\3bb7b8b4,br BRA,GK,Manchester City,28-158,1993,21,21,1890,21.0,0,0,0,0,0,2,0,0.00,0.00,0.00,0.00,0.00,0.0,0.0,0.0,0.0,0.00,0.00,0.00,0.00,0.00,Matches
124,Odsonne Édouard\0562b7f1,fr FRA,FW,Crystal Palace,24-006,1998,18,13,1095,12.2,5,3,4,1,1,1,0,0.41,0.25,0.66,0.33,0.58,5.2,4.4,1.7,6.1,0.42,0.14,0.56,0.36,0.50,Matches
125,Anthony Elanga\2fba6108,se SWE,FW,Manchester Utd,19-270,2002,4,2,189,2.1,1,0,1,0,0,0,0,0.48,0.00,0.48,0.48,0.48,0.9,0.9,0.0,0.9,0.43,0.00,0.43,0.43,0.43,Matches
126,Harvey Elliott\c8387671,eng ENG,MF,Liverpool,18-293,2003,4,3,250,2.8,0,0,0,0,0,0,0,0.00,0.00,0.00,0.00,0.00,0.7,0.7,0.3,1.0,0.25,0.11,0.36,0.25,0.36,Matches
127,Mohamed Elneny\47a34c4f,eg EGY,MF,Arsenal,29-195,1992,7,1,176,2.0,0,1,0,0,0,0,0,0.00,0.51,0.51,0.00,0.51,0.0,0.0,0.2,0.2,0.01,0.08,0.09,0.01,0.09,Matches
128,Mohamed Elyounoussi\68dc0dac,no NOR,MF,Southampton,27-171,1994,14,10,906,10.1,2,0,2,0,0,2,0,0.20,0.00,0.20,0.20,0.20,2.8,2.8,0.6,3.4,0.27,0.06,0.34,0.27,0.34,Matches
129,Emerson\df8b52a5,br BRA,DF,Tottenham,23-008,1999,15,14,1238,13.8,0,1,0,0,0,3,0,0.00,0.07,0.07,0.00,0.07,0.4,0.4,1.5,2.0,0.03,0.11,0.14,0.03,0.14,Matches
130,Oghenekaro Etebo\b579e83d,ng NGA,MF,Watford,26-074,1995,6,4,371,4.1,0,0,0,0,0,3,0,0.00,0.00,0.00,0.00,0.00,0.0,0.0,0.1,0.1,0.01,0.01,0.02,0.01,0.02,Matches
131,Jonny Evans\f8fcd2a5,nir NIR,DF,Leicester City,34-019,1988,10,9,752,8.4,1,1,1,0,0,2,0,0.12,0.12,0.24,0.12,0.24,0.7,0.7,0.5,1.2,0.09,0.05,0.14,0.09,0.14,Matches
132,Eberechi Eze\ae4fc6a4,eng ENG,FWMF,Crystal Palace,23-207,1998,3,1,102,1.1,0,0,0,0,0,1,0,0.00,0.00,0.00,0.00,0.00,0.0,0.0,0.0,0.0,0.04,0.00,0.04,0.04,0.04,Matches
133,Łukasz Fabiański\9328b835,pl POL,GK,West Ham,36-279,1985,22,22,1980,22.0,0,0,0,0,0,0,0,0.00,0.00,0.00,0.00,0.00,0.0,0.0,0.0,0.0,0.00,0.00,0.00,0.00,0.00,Matches
134,Fabinho\7f3b388c,br BRA,MF,Liverpool,28-091,1993,15,14,1252,13.9,2,1,2,0,0,4,0,0.14,0.07,0.22,0.14,0.22,0.8,0.8,0.7,1.5,0.06,0.05,0.11,0.06,0.11,Matches
135,Kiko Femenía\e5d01ecf,es ESP,DF,Watford,30-354,1991,13,12,961,10.7,0,3,0,0,0,1,0,0.00,0.28,0.28,0.00,0.28,0.0,0.0,0.9,0.9,0.00,0.09,0.09,0.00,0.09,Matches
136,Nathan Ferguson\2f8d27bc,eng ENG,DF,Crystal Palace,21-108,2000,1,0,9,0.1,0,0,0,0,0,0,0,0.00,0.00,0.00,0.00,0.00,0.0,0.0,0.0,0.0,0.00,0.00,0.00,0.00,0.00,Matches
137,Bruno Fernandes\507c7bdf,pt POR,MF,Manchester Utd,27-136,1994,20,19,1678,18.6,7,5,7,0,1,6,0,0.38,0.27,0.64,0.38,0.64,4.5,3.8,5.8,9.6,0.24,0.31,0.55,0.20,0.51,Matches
138,Álvaro Fernández\f127d782,es ESP,GK,Brentford,23-284,1998,12,12,1080,12.0,0,0,0,0,0,0,0,0.00,0.00,0.00,0.00,0.00,0.0,0.0,0.0,0.0,0.00,0.00,0.00,0.00,0.00,Matches
139,Federico Fernández\f25b010f,ar ARG,DF,Newcastle Utd,32-335,1989,7,5,523,5.8,0,0,0,0,0,0,0,0.00,0.00,0.00,0.00,0.00,0.4,0.4,0.3,0.8,0.07,0.06,0.13,0.07,0.13,Matches
140,Fernandinho\101da2b5,br BRA,MF,Manchester City,36-263,1985,12,5,520,5.8,1,1,1,0,0,1,0,0.17,0.17,0.35,0.17,0.35,0.8,0.8,0.8,1.6,0.13,0.13,0.27,0.13,0.27,Matches
141,Roberto Firmino\4c370d81,br BRA,FWMF,Liverpool,30-112,1991,12,5,517,5.7,4,3,4,0,0,0,0,0.70,0.52,1.22,0.70,1.22,4.1,4.1,2.0,6.1,0.72,0.34,1.06,0.72,1.06,Matches
142,Junior Firpo\24f59bb2,es ESP,DF,Leeds United,25-153,1996,14,11,927,10.3,0,0,0,0,0,5,0,0.00,0.00,0.00,0.00,0.00,0.5,0.5,0.6,1.1,0.05,0.06,0.11,0.05,0.11,Matches
143,Ashley Fletcher\eeb6551f,eng ENG,FW,Watford,26-112,1995,3,0,30,0.3,0,0,0,0,0,0,0,0.00,0.00,0.00,0.00,0.00,0.4,0.4,0.0,0.4,1.16,0.00,1.16,1.16,1.16,Matches
144,Phil Foden\ed1e53f3,eng ENG,FW,Manchester City,21-239,2000,14,11,1008,11.2,5,3,5,0,0,0,0,0.45,0.27,0.71,0.45,0.71,5.2,5.2,3.6,8.8,0.46,0.32,0.78,0.46,0.78,Matches
145,Pablo Fornals\82927de4,es ESP,MFFW,West Ham,25-334,1996,20,18,1513,16.8,5,2,5,0,0,3,0,0.30,0.12,0.42,0.30,0.42,3.1,3.1,2.8,6.0,0.19,0.17,0.36,0.19,0.36,Matches
146,Adam Forshaw\9f1938ab,eng ENG,MF,Leeds United,30-106,1991,12,10,852,9.5,0,1,0,0,0,2,0,0.00,0.11,0.11,0.00,0.11,0.2,0.2,1.0,1.2,0.02,0.10,0.12,0.02,0.12,Matches
147,Marcus Forss\82c215a0,fi FIN,FWMF,Brentford,22-218,1999,6,1,197,2.2,0,1,0,0,0,0,0,0.00,0.46,0.46,0.00,0.46,0.2,0.2,0.0,0.2,0.09,0.00,0.09,0.09,0.09,Matches
148,Fraser Forster\c3e39f12,eng ENG,GK,Southampton,33-311,1988,4,4,360,4.0,0,0,0,0,0,0,0,0.00,0.00,0.00,0.00,0.00,0.0,0.0,0.0,0.0,0.00,0.00,0.00,0.00,0.00,Matches
149,Ben Foster\d0b3ceb9,eng ENG,GK,Watford,38-294,1983,9,9,810,9.0,0,1,0,0,0,0,0,0.00,0.11,0.11,0.00,0.11,0.0,0.0,0.1,0.1,0.00,0.01,0.01,0.00,0.01,Matches
150,Ryan Fraser\d56543a0,sct SCO,MFFW,Newcastle Utd,27-332,1994,15,8,674,7.5,0,1,0,0,0,2,0,0.00,0.13,0.13,0.00,0.13,0.5,0.5,1.2,1.7,0.07,0.15,0.23,0.07,0.23,Matches
151,Fred\b853e0ad,br BRA,MF,Manchester Utd,28-323,1993,17,16,1346,15.0,2,3,2,0,0,4,0,0.13,0.20,0.33,0.13,0.33,0.5,0.5,1.6,2.1,0.04,0.11,0.14,0.04,0.14,Matches
152,Ryan Fredericks\c067631c,eng ENG,DF,West Ham,29-104,1992,1,0,3,0.0,0,0,0,0,0,0,0,0.00,0.00,0.00,0.00,0.00,0.0,0.0,0.0,0.0,0.00,0.00,0.00,0.00,0.00,Matches
153,Leo Fuhr Hjelde\d102b8a2,no NOR,DF,Leeds United,18-149,2003,1,0,68,0.8,0,0,0,0,0,0,0,0.00,0.00,0.00,0.00,0.00,0.0,0.0,0.0,0.0,0.00,0.03,0.03,0.00,0.03,Matches
154,Conor Gallagher\c2731c10,eng ENG,MF,Crystal Palace,21-350,2000,18,18,1570,17.4,7,3,7,0,0,4,0,0.40,0.17,0.57,0.40,0.57,3.9,3.9,3.1,7.0,0.22,0.18,0.40,0.22,0.40,Matches
155,Dwight Gayle\e58a03c6,eng ENG,FW,Newcastle Utd,31-097,1990,4,0,31,0.3,0,0,0,0,0,0,0,0.00,0.00,0.00,0.00,0.00,0.0,0.0,0.0,0.1,0.14,0.05,0.19,0.14,0.19,Matches
156,Jean-Philippe Gbamin\6bd603db,ci CIV,MF,Everton,26-119,1995,3,1,67,0.7,0,0,0,0,0,0,0,0.00,0.00,0.00,0.00,0.00,0.0,0.0,0.0,0.0,0.00,0.00,0.00,0.00,0.00,Matches
157,David de Gea\7ba6d84e,es ESP,GK,Manchester Utd,31-076,1990,21,21,1890,21.0,0,0,0,0,0,0,0,0.00,0.00,0.00,0.00,0.00,0.0,0.0,0.0,0.0,0.00,0.00,0.00,0.00,0.00,Matches
158,Joe Gelhardt\01962d0d,eng ENG,FW,Leeds United,19-263,2002,7,2,307,3.4,1,1,1,0,0,2,0,0.29,0.29,0.59,0.29,0.59,1.1,1.1,0.2,1.3,0.32,0.06,0.38,0.32,0.38,Matches
159,Anwar El Ghazi\ffa90327,nl NED,FWMF,Aston Villa,26-264,1995,9,4,386,4.3,1,1,0,1,1,2,0,0.23,0.23,0.47,0.00,0.23,1.1,0.3,0.4,0.7,0.25,0.09,0.33,0.07,0.16,Matches
160,Saman Ghoddos\f7b1d4e0,ir IRN,MFDF,Brentford,28-138,1993,11,2,349,3.9,1,1,1,0,0,2,0,0.26,0.26,0.52,0.26,0.52,0.6,0.6,0.8,1.5,0.16,0.21,0.38,0.16,0.38,Matches
161,Dimitris Giannoulis\112c495e,gr GRE,DF,Norwich City,26-097,1995,11,7,546,6.1,0,1,0,0,0,1,0,0.00,0.16,0.16,0.00,0.16,0.1,0.1,0.3,0.4,0.01,0.05,0.06,0.01,0.06,Matches
162,Morgan Gibbs-White\32f60ed8,eng ENG,FWMF,Wolves,21-360,2000,2,0,9,0.1,0,0,0,0,0,1,0,0.00,0.00,0.00,0.00,0.00,0.1,0.1,0.0,0.1,1.22,0.00,1.22,1.22,1.22,Matches
163,Ben Gibson\bcfb0142,eng ENG,DF,Norwich City,29-007,1993,18,18,1594,17.7,0,0,0,0,0,4,1,0.00,0.00,0.00,0.00,0.00,1.1,1.1,0.0,1.2,0.07,0.00,0.07,0.07,0.07,Matches
164,Billy Gilmour\df10e27c,sct SCO,MF,Norwich City,20-225,2001,12,12,1053,11.7,0,1,0,0,0,2,0,0.00,0.09,0.09,0.00,0.09,0.3,0.3,1.1,1.4,0.03,0.09,0.12,0.03,0.12,Matches
165,Ben Godfrey\9f7c837d,eng ENG,DF,Everton,24-007,1998,16,16,1399,15.5,0,0,0,0,0,3,0,0.00,0.00,0.00,0.00,0.00,0.9,0.9,0.7,1.5,0.06,0.04,0.10,0.06,0.10,Matches
166,André Gomes\1961b2aa,pt POR,MF,Everton,28-176,1993,8,3,346,3.8,0,1,0,0,0,1,0,0.00,0.26,0.26,0.00,0.26,0.6,0.6,0.2,0.8,0.15,0.05,0.21,0.15,0.21,Matches
167,Toti Gomes\f0caab96,pt POR,DF,Wolves,23-006,1999,1,1,90,1.0,0,0,0,0,0,0,0,0.00,0.00,0.00,0.00,0.00,0.0,0.0,0.0,0.0,0.00,0.00,0.00,0.00,0.00,Matches
168,Joe Gomez\7a11550b,eng ENG,DF,Liverpool,24-244,1997,3,0,15,0.2,0,0,0,0,0,0,0,0.00,0.00,0.00,0.00,0.00,0.0,0.0,0.0,0.0,0.00,0.00,0.00,0.00,0.00,Matches
169,Charlie Goode\7aee4dd3,eng ENG,DF,Brentford,26-172,1995,6,4,450,5.0,0,0,0,0,0,3,0,0.00,0.00,0.00,0.00,0.00,0.1,0.1,0.3,0.5,0.03,0.07,0.10,0.03,0.10,Matches
170,Anthony Gordon\2bd83368,eng ENG,MFFW,Everton,20-332,2001,16,9,881,9.8,2,1,2,0,0,1,0,0.20,0.10,0.31,0.20,0.31,1.6,1.6,0.9,2.4,0.16,0.09,0.25,0.16,0.25,Matches
171,Kaide Gordon\19a9cb70,eng ENG,FW,Liverpool,17-109,2004,1,0,9,0.1,0,0,0,0,0,0,0,0.00,0.00,0.00,0.00,0.00,0.4,0.4,0.0,0.4,4.48,0.00,4.48,4.48,4.48,Matches
172,Dan Gosling\7fec31a0,eng ENG,MF,Watford,31-355,1990,1,0,22,0.2,0,0,0,0,0,0,0,0.00,0.00,0.00,0.00,0.00,0.0,0.0,0.0,0.0,0.00,0.00,0.00,0.00,0.00,Matches
173,Demarai Gray\4468ec10,eng ENG,MFFW,Everton,25-208,1996,18,17,1416,15.7,5,2,5,0,0,3,0,0.32,0.13,0.44,0.32,0.44,2.8,2.8,2.4,5.2,0.18,0.15,0.33,0.18,0.33,Matches
174,Jack Grealish\b0b4fd3e,eng ENG,FW,Manchester City,26-134,1995,15,14,1152,12.8,2,2,2,0,0,1,0,0.16,0.16,0.31,0.16,0.31,3.9,3.9,3.3,7.2,0.30,0.26,0.56,0.30,0.56,Matches
175,Mason Greenwood\58eee997,eng ENG,FWMF,Manchester Utd,20-113,2001,17,15,1190,13.2,5,1,5,0,0,1,0,0.38,0.08,0.45,0.38,0.45,4.4,4.4,1.6,6.0,0.33,0.12,0.45,0.33,0.45,Matches
176,Sam Greenwood\f3354c07,eng ENG,MF,Leeds United,19-361,2002,1,0,13,0.1,0,0,0,0,0,0,0,0.00,0.00,0.00,0.00,0.00,0.0,0.0,0.0,0.0,0.00,0.00,0.00,0.00,0.00,Matches
177,Pascal Groß\8aec0537,de GER,MFDF,Brighton,30-221,1991,14,12,988,11.0,0,2,0,0,1,0,0,0.00,0.18,0.18,0.00,0.18,1.6,0.8,2.3,3.1,0.14,0.21,0.35,0.07,0.28,Matches
178,Vicente Guaita\ab13a5aa,es ESP,GK,Crystal Palace,35-012,1987,18,18,1620,18.0,0,0,0,0,0,1,0,0.00,0.00,0.00,0.00,0.00,0.0,0.0,0.0,0.0,0.00,0.00,0.00,0.00,0.00,Matches
179,Marc Guéhi\d0706b27,eng ENG,DF,Crystal Palace,21-193,2000,20,20,1800,20.0,2,0,2,0,0,4,0,0.10,0.00,0.10,0.10,0.10,1.5,1.5,0.0,1.6,0.08,0.00,0.08,0.08,0.08,Matches
180,İlkay Gündoğan\819b3158,de GER,MF,Manchester City,31-090,1990,15,12,1063,11.8,4,3,4,0,0,1,0,0.34,0.25,0.59,0.34,0.59,5.2,5.2,2.4,7.7,0.44,0.20,0.65,0.44,0.65,Matches
181,Angus Gunn\e082af5b,eng ENG,GK,Norwich City,26-000,1996,3,3,270,3.0,0,0,0,0,0,0,0,0.00,0.00,0.00,0.00,0.00,0.0,0.0,0.0,0.0,0.00,0.00,0.00,0.00,0.00,Matches
182,Grant Hanley\e9254eec,sct SCO,DF,Norwich City,30-063,1991,18,18,1547,17.2,1,0,1,0,0,1,0,0.06,0.00,0.06,0.06,0.06,0.8,0.8,0.2,1.0,0.05,0.01,0.06,0.05,0.06,Matches
183,Jack Harrison\aa849a12,eng ENG,MFFW,Leeds United,25-063,1996,17,15,1256,14.0,4,1,4,0,0,2,0,0.29,0.07,0.36,0.29,0.36,2.1,2.1,1.4,3.6,0.15,0.10,0.26,0.15,0.26,Matches
184,Kortney Hause\bf8fad51,eng ENG,DF,Aston Villa,26-190,1995,6,4,396,4.4,1,0,1,0,0,0,0,0.23,0.00,0.23,0.23,0.23,0.1,0.1,0.0,0.1,0.02,0.00,0.02,0.02,0.02,Matches
185,Kai Havertz\fed7cb61,de GER,FWMF,Chelsea,22-225,1999,16,12,945,10.5,2,1,2,0,0,0,0,0.19,0.10,0.29,0.19,0.29,3.1,3.1,0.7,3.8,0.29,0.07,0.36,0.29,0.36,Matches
186,Isaac Hayden\c951a6df,eng ENG,MFDF,Newcastle Utd,26-306,1995,14,12,1002,11.1,1,0,1,0,0,5,0,0.09,0.00,0.09,0.09,0.09,0.4,0.4,0.1,0.5,0.04,0.01,0.05,0.04,0.05,Matches
187,Hwang Hee-chan\169fd162,kr KOR,FWMF,Wolves,25-361,1996,14,11,979,10.9,4,0,4,0,0,1,0,0.37,0.00,0.37,0.37,0.37,2.2,2.2,1.0,3.2,0.20,0.09,0.29,0.20,0.29,Matches
188,Jordan Henderson\935e6b8f,eng ENG,MF,Liverpool,31-219,1990,19,17,1477,16.4,2,3,2,0,0,2,0,0.12,0.18,0.30,0.12,0.30,1.0,1.0,2.3,3.3,0.06,0.14,0.20,0.06,0.20,Matches
189,Jeff Hendrick\989d5705,ie IRL,MF,Newcastle Utd,29-356,1992,3,0,72,0.8,1,0,1,0,0,0,0,1.25,0.00,1.25,1.25,1.25,0.0,0.0,0.0,0.1,0.04,0.06,0.10,0.04,0.10,Matches
190,Wayne Hennessey\76eca7e2,wls WAL,GK,Burnley,34-363,1987,2,2,180,2.0,0,0,0,0,0,0,0,0.00,0.00,0.00,0.00,0.00,0.0,0.0,0.1,0.1,0.00,0.06,0.06,0.00,0.06,Matches
191,Rico Henry\8a3c1dc7,eng ENG,DF,Brentford,24-198,1997,18,17,1449,16.1,2,0,2,0,0,2,0,0.12,0.00,0.12,0.12,0.12,1.1,1.1,0.6,1.7,0.07,0.04,0.11,0.07,0.11,Matches
192,Son Heung-min\92e7e919,kr KOR,FWMF,Tottenham,29-198,1992,17,17,1483,16.5,8,3,8,0,0,0,0,0.49,0.18,0.67,0.49,0.67,6.9,6.9,3.5,10.4,0.42,0.21,0.63,0.42,0.63,Matches
193,Ki-Jana Hoever\9a71e978,nl NED,DF,Wolves,20-004,2002,6,2,194,2.2,0,0,0,0,0,1,0,0.00,0.00,0.00,0.00,0.00,0.0,0.0,0.0,0.1,0.01,0.02,0.03,0.01,0.03,Matches
194,Rob Holding\d79a8c87,eng ENG,DF,Arsenal,26-124,1995,5,3,320,3.6,0,0,0,0,0,2,0,0.00,0.00,0.00,0.00,0.00,0.1,0.1,0.0,0.1,0.04,0.00,0.04,0.04,0.04,Matches
195,Mason Holgate\d0042ab9,eng ENG,DF,Everton,25-092,1996,8,6,608,6.8,0,0,0,0,0,1,1,0.00,0.00,0.00,0.00,0.00,0.2,0.2,0.0,0.2,0.03,0.00,0.03,0.03,0.03,Matches
196,Callum Hudson-Odoi\15f3ec41,eng ENG,FWMF,Chelsea,21-076,2000,14,10,876,9.7,1,1,1,0,0,1,0,0.10,0.10,0.21,0.10,0.21,1.9,1.9,2.2,4.1,0.20,0.22,0.42,0.20,0.42,Matches
197,Will Hughes\a0666d3e,eng ENG,MF,Crystal Palace,26-280,1995,7,6,499,5.5,0,1,0,0,0,1,0,0.00,0.18,0.18,0.00,0.18,0.1,0.1,0.6,0.6,0.01,0.10,0.11,0.01,0.11,Matches
198,Pierre Højbjerg\8b04d6c1,dk DEN,MF,Tottenham,26-170,1995,18,18,1607,17.9,2,1,2,0,0,1,0,0.11,0.06,0.17,0.11,0.17,1.6,1.6,0.9,2.5,0.09,0.05,0.14,0.09,0.14,Matches
199,Adam Idah\291e3ec3,ie IRL,FWMF,Norwich City,20-317,2001,16,5,542,6.0,1,0,1,0,0,0,0,0.17,0.00,0.17,0.17,0.17,1.8,1.8,0.5,2.3,0.37,0.10,0.46,0.37,0.46,Matches
200,Kelechi Iheanacho\c92e1a31,ng NGA,FWMF,Leicester City,25-111,1996,14,6,592,6.6,2,4,2,0,0,0,0,0.30,0.61,0.91,0.30,0.91,2.1,2.1,2.2,4.3,0.32,0.33,0.65,0.32,0.65,Matches
201,Danny Ings\07802f7f,eng ENG,FW,Aston Villa,29-183,1992,15,13,1108,12.3,4,2,3,1,1,1,0,0.32,0.16,0.49,0.24,0.41,3.2,2.5,0.7,3.2,0.26,0.06,0.32,0.20,0.26,Matches
202,Alex Iwobi\6ca5ec4b,ng NGA,MFFW,Everton,25-264,1996,13,7,714,7.9,1,1,1,0,0,0,0,0.13,0.13,0.25,0.13,0.25,1.0,1.0,1.1,2.2,0.13,0.14,0.27,0.13,0.27,Matches
203,Daniel James\c931d9f9,wls WAL,FWMF,Leeds United,24-073,1997,16,14,1175,13.1,2,1,2,0,0,1,0,0.15,0.08,0.23,0.15,0.23,2.4,2.4,1.4,3.8,0.19,0.11,0.29,0.19,0.29,Matches
204,Daniel James\c931d9f9,wls WAL,FW,Manchester Utd,24-073,1997,2,2,126,1.4,0,0,0,0,0,0,0,0.00,0.00,0.00,0.00,0.00,0.2,0.2,0.0,0.3,0.17,0.01,0.19,0.17,0.19,Matches
205,Reece James\1265a93a,eng ENG,DF,Chelsea,22-045,1999,16,14,1114,12.4,4,5,4,0,0,4,1,0.32,0.40,0.73,0.32,0.73,1.7,1.7,3.4,5.1,0.14,0.27,0.41,0.14,0.41,Matches
206,Vitaly Janelt\8449d35e,de GER,MF,Brentford,23-257,1998,17,15,1259,14.0,2,0,2,0,0,2,0,0.14,0.00,0.14,0.14,0.14,1.5,1.5,1.0,2.6,0.11,0.07,0.18,0.11,0.18,Matches
207,Pontus Jansson\172e52d8,se SWE,DF,Brentford,30-343,1991,22,22,1971,21.9,1,1,1,0,0,3,0,0.05,0.05,0.09,0.05,0.09,1.5,1.5,0.4,2.0,0.07,0.02,0.09,0.07,0.09,Matches
208,Mathias Jensen\0f134faf,dk DEN,MF,Brentford,26-021,1996,16,9,823,9.1,0,1,0,0,0,0,0,0.00,0.11,0.11,0.00,0.11,1.1,1.1,1.8,3.0,0.12,0.20,0.32,0.12,0.32,Matches
209,Gabriel Jesus\b66315ae,br BRA,FW,Manchester City,24-294,1997,18,15,1293,14.4,2,7,2,0,0,0,0,0.14,0.49,0.63,0.14,0.63,5.2,5.2,3.4,8.6,0.36,0.24,0.60,0.36,0.60,Matches
210,Raúl Jiménez\b561db50,mx MEX,FW,Wolves,30-262,1991,19,18,1553,17.3,4,2,3,1,1,6,1,0.23,0.12,0.35,0.17,0.29,4.2,3.6,1.7,5.3,0.24,0.10,0.34,0.21,0.31,Matches
211,Joelinton\c17bfb65,br BRA,MFFW,Newcastle Utd,25-161,1996,19,14,1303,14.5,1,1,1,0,0,4,0,0.07,0.07,0.14,0.07,0.14,2.0,2.0,1.1,3.1,0.14,0.08,0.21,0.14,0.21,Matches
212,Ben Johnson\9319781b,eng ENG,DF,West Ham,21-363,2000,11,10,801,8.9,1,0,1,0,0,1,0,0.11,0.00,0.11,0.11,0.11,0.1,0.1,0.3,0.4,0.01,0.03,0.04,0.01,0.04,Matches
213,Curtis Jones\4fb9c88f,eng ENG,MF,Liverpool,20-357,2001,7,4,413,4.6,1,1,1,0,0,0,0,0.22,0.22,0.44,0.22,0.44,0.5,0.5,0.2,0.6,0.11,0.03,0.14,0.11,0.14,Matches
214,Phil Jones\def899bd,eng ENG,DF,Manchester Utd,29-335,1992,1,1,90,1.0,0,0,0,0,0,0,0,0.00,0.00,0.00,0.00,0.00,0.0,0.0,0.0,0.0,0.00,0.02,0.02,0.00,0.02,Matches
215,Jorginho\45db685d,it ITA,MF,Chelsea,30-033,1991,19,16,1453,16.1,6,1,0,6,6,3,0,0.37,0.06,0.43,0.00,0.06,4.9,0.3,2.0,2.4,0.30,0.13,0.43,0.02,0.15,Matches
216,Diogo Jota\178ae8f8,pt POR,FW,Liverpool,25-049,1996,20,17,1453,16.1,10,1,10,0,0,1,0,0.62,0.06,0.68,0.62,0.68,11.5,11.5,3.6,15.0,0.71,0.22,0.93,0.71,0.93,Matches
217,James Justin\fb614c44,eng ENG,DF,Leicester City,23-333,1998,1,0,38,0.4,0,0,0,0,0,0,0,0.00,0.00,0.00,0.00,0.00,0.0,0.0,0.1,0.1,0.00,0.14,0.14,0.00,0.14,Matches
218,Mathias Jørgensen\0db5d2c8,dk DEN,DF,Brentford,31-274,1990,7,5,428,4.8,1,0,1,0,0,2,0,0.21,0.00,0.21,0.21,0.21,0.1,0.1,0.1,0.2,0.02,0.02,0.04,0.02,0.04,Matches
219,Ozan Kabak\2d61d13a,tr TUR,DF,Norwich City,21-303,2000,9,9,742,8.2,0,0,0,0,0,2,0,0.00,0.00,0.00,0.00,0.00,0.2,0.2,0.0,0.2,0.02,0.00,0.03,0.02,0.03,Matches
220,Christian Kabasele\914ab9a1,be BEL,DF,Watford,30-332,1991,4,3,293,3.3,0,0,0,0,0,0,0,0.00,0.00,0.00,0.00,0.00,0.2,0.2,0.0,0.2,0.10,0.00,0.10,0.10,0.10,Matches
221,Hassane Kamara\19a12bed,ci CIV,DF,Watford,27-125,1994,2,2,173,1.9,0,0,0,0,0,0,0,0.00,0.00,0.00,0.00,0.00,0.0,0.0,0.0,0.0,0.00,0.02,0.02,0.00,0.02,Matches
222,Harry Kane\21a66f6a,eng ENG,FW,Tottenham,28-178,1993,18,17,1522,16.9,5,2,4,1,1,3,0,0.30,0.12,0.41,0.24,0.35,8.8,8.0,3.2,11.2,0.52,0.19,0.71,0.48,0.66,Matches
223,N'Golo Kanté\b9fbae28,fr FRA,MF,Chelsea,30-299,1991,14,11,941,10.5,2,2,2,0,0,1,0,0.19,0.19,0.38,0.19,0.38,0.9,0.9,0.9,1.8,0.09,0.08,0.17,0.09,0.17,Matches
224,Edo Kayembe\f99b71de,cd COD,MF,Watford,23-172,1998,2,2,180,2.0,0,0,0,0,0,0,0,0.00,0.00,0.00,0.00,0.00,0.1,0.1,0.4,0.4,0.06,0.37,0.43,0.06,0.43,Matches
225,Moise Kean\3d50bcdb,it ITA,FW,Everton,21-328,2000,1,0,1,0.0,0,0,0,0,0,0,0,0.00,0.00,0.00,0.00,0.00,0.0,0.0,0.0,0.0,0.00,0.00,0.00,0.00,0.00,Matches
226,Michael Keane\c5b7c315,eng ENG,DF,Everton,29-011,1993,19,19,1710,19.0,1,2,1,0,0,1,0,0.05,0.11,0.16,0.05,0.16,0.8,0.8,0.6,1.4,0.04,0.03,0.07,0.04,0.07,Matches
227,Naby Keïta\f25c8e3a,gn GUI,MF,Liverpool,26-346,1995,11,6,527,5.9,2,1,2,0,0,1,0,0.34,0.17,0.51,0.34,0.51,1.1,1.1,0.9,2.0,0.18,0.16,0.35,0.18,0.35,Matches
228,Caoimhín Kelleher\62d7ef38,ie IRL,GK,Liverpool,23-060,1998,2,2,180,2.0,0,0,0,0,0,0,0,0.00,0.00,0.00,0.00,0.00,0.0,0.0,0.0,0.0,0.00,0.00,0.00,0.00,0.00,Matches
229,Jonjoe Kenny\099e666f,eng ENG,DF,Everton,24-313,1997,3,2,176,2.0,0,1,0,0,0,1,0,0.00,0.51,0.51,0.00,0.51,0.0,0.0,0.2,0.2,0.01,0.08,0.09,0.01,0.09,Matches
230,Max Kilman\d0f72bf1,eng ENG,DF,Wolves,24-244,1997,20,20,1799,20.0,1,0,1,0,0,3,0,0.05,0.00,0.05,0.05,0.05,0.8,0.8,0.0,0.8,0.04,0.00,0.04,0.04,0.04,Matches
231,Joshua King\43458538,no NOR,FW,Watford,30-007,1992,18,17,1446,16.1,5,3,4,1,1,3,0,0.31,0.19,0.50,0.25,0.44,6.6,5.9,2.2,8.1,0.44,0.15,0.59,0.39,0.54,Matches
232,Mateusz Klich\282679b4,pl POL,MF,Leeds United,31-223,1990,15,12,1036,11.5,1,2,1,0,0,2,0,0.09,0.17,0.26,0.09,0.26,1.6,1.6,1.8,3.5,0.14,0.16,0.30,0.14,0.30,Matches
233,Robin Koch\ea6bc03a,de GER,DFMF,Leeds United,25-189,1996,4,4,360,4.0,0,0,0,0,0,2,0,0.00,0.00,0.00,0.00,0.00,0.0,0.0,0.0,0.0,0.00,0.00,0.00,0.00,0.00,Matches
234,Sead Kolašinac\3935e52e,ba BIH,DF,Arsenal,28-216,1993,2,1,91,1.0,0,0,0,0,0,1,0,0.00,0.00,0.00,0.00,0.00,0.0,0.0,0.0,0.0,0.00,0.00,0.00,0.00,0.00,Matches
235,Ibrahima Konaté\5ed9b537,fr FRA,DF,Liverpool,22-242,1999,7,7,630,7.0,0,0,0,0,0,2,0,0.00,0.00,0.00,0.00,0.00,0.1,0.1,0.1,0.2,0.01,0.02,0.03,0.01,0.03,Matches
236,Ezri Konsa\0313a347,eng ENG,DF,Aston Villa,24-091,1997,19,19,1622,18.0,2,0,2,0,0,3,1,0.11,0.00,0.11,0.11,0.11,1.4,1.4,0.2,1.6,0.08,0.01,0.09,0.08,0.09,Matches
237,Cheikhou Kouyaté\8d3c902d,sn SEN,MF,Crystal Palace,32-032,1989,17,15,1320,14.7,0,1,0,0,0,0,0,0.00,0.07,0.07,0.00,0.07,0.2,0.2,0.5,0.7,0.01,0.04,0.05,0.01,0.05,Matches
238,Mateo Kovačić\79c0821a,hr CRO,MF,Chelsea,27-261,1994,15,11,1037,11.5,2,5,2,0,0,3,0,0.17,0.43,0.61,0.17,0.61,1.2,1.2,2.4,3.7,0.11,0.21,0.32,0.11,0.32,Matches
239,Emil Krafth\77cf6852,se SWE,DF,Newcastle Utd,27-173,1994,7,6,542,6.0,0,1,0,0,0,2,0,0.00,0.17,0.17,0.00,0.17,0.1,0.1,0.6,0.7,0.02,0.09,0.12,0.02,0.12,Matches
240,Alex Král\e717705a,cz CZE,MF,West Ham,23-248,1998,1,0,1,0.0,0,0,0,0,0,0,0,0.00,0.00,0.00,0.00,0.00,0.0,0.0,0.0,0.0,0.00,0.00,0.00,0.00,0.00,Matches
241,Tim Krul\f23f9d20,nl NED,GK,Norwich City,33-294,1988,19,19,1710,19.0,0,0,0,0,0,1,0,0.00,0.00,0.00,0.00,0.00,0.0,0.0,0.0,0.0,0.00,0.00,0.00,0.00,0.00,Matches
242,Juraj Kucka\5aaef9ef,sk SVK,MF,Watford,34-330,1987,17,14,1260,14.0,1,0,1,0,0,4,1,0.07,0.00,0.07,0.07,0.07,1.4,1.4,0.2,1.6,0.10,0.01,0.11,0.10,0.11,Matches
243,Alexandre Lacazette\9dbb75ca,fr FRA,FWMF,Arsenal,30-239,1991,15,10,864,9.6,3,3,2,1,2,0,0,0.31,0.31,0.62,0.21,0.52,4.1,2.6,1.0,3.5,0.43,0.10,0.53,0.27,0.37,Matches
244,Adam Lallana\99813635,eng ENG,MF,Brighton,33-257,1988,18,16,1364,15.2,0,1,0,0,0,4,0,0.00,0.07,0.07,0.00,0.07,1.1,1.1,0.5,1.7,0.07,0.04,0.11,0.07,0.11,Matches
245,Tariq Lamptey\f4e433d4,eng ENG,DFFW,Brighton,21-114,2000,14,8,786,8.7,0,1,0,0,0,1,0,0.00,0.11,0.11,0.00,0.11,0.4,0.4,0.9,1.4,0.05,0.11,0.16,0.05,0.16,Matches
246,Manuel Lanzini\26f6dca8,ar ARG,MFFW,West Ham,28-341,1993,16,7,771,8.6,4,1,2,2,2,1,0,0.47,0.12,0.58,0.23,0.35,2.0,0.4,1.9,2.3,0.23,0.22,0.45,0.05,0.27,Matches
247,Aymeric Laporte\119b9a8e,es ESP,DF,Manchester City,27-240,1994,18,18,1540,17.1,2,0,2,0,0,5,1,0.12,0.00,0.12,0.12,0.12,2.7,2.7,0.2,2.9,0.16,0.01,0.17,0.16,0.17,Matches
248,Jamaal Lascelles\450ab6fc,eng ENG,DF,Newcastle Utd,28-072,1993,16,16,1440,16.0,1,0,1,0,0,5,0,0.06,0.00,0.06,0.06,0.06,0.6,0.6,0.3,0.9,0.04,0.02,0.06,0.04,0.06,Matches
249,Pierre Lees-Melou\f5044e54,fr FRA,MF,Norwich City,28-242,1993,17,14,1252,13.9,0,0,0,0,0,4,0,0.00,0.00,0.00,0.00,0.00,1.1,1.1,1.0,2.0,0.08,0.08,0.16,0.08,0.16,Matches
250,Aaron Lennon\2ff964a0,eng ENG,MFFW,Burnley,34-281,1987,8,3,267,3.0,1,0,1,0,0,1,0,0.34,0.00,0.34,0.34,0.34,0.2,0.2,0.0,0.2,0.08,0.00,0.08,0.08,0.08,Matches
251,Bernd Leno\2628fd2b,de GER,GK,Arsenal,29-324,1992,3,3,270,3.0,0,0,0,0,0,0,0,0.00,0.00,0.00,0.00,0.00,0.0,0.0,0.0,0.0,0.00,0.00,0.00,0.00,0.00,Matches
252,Jamal Lewis\efb9215a,nir NIR,DF,Newcastle Utd,23-362,1998,5,4,262,2.9,0,0,0,0,0,1,0,0.00,0.00,0.00,0.00,0.00,0.0,0.0,0.0,0.0,0.00,0.01,0.01,0.00,0.01,Matches
253,Victor Lindelöf\f5deef4c,se SWE,DF,Manchester Utd,27-189,1994,15,14,1267,14.1,0,2,0,0,0,2,0,0.00,0.14,0.14,0.00,0.14,0.1,0.1,0.4,0.5,0.01,0.03,0.04,0.01,0.04,Matches
254,Jesse Lingard\810e3c74,eng ENG,FW,Manchester Utd,29-038,1992,9,0,97,1.1,2,0,2,0,0,0,0,1.86,0.00,1.86,1.86,1.86,0.3,0.3,0.1,0.4,0.28,0.09,0.36,0.28,0.36,Matches
255,Valentino Livramento\afed6722,eng ENG,DF,Southampton,19-071,2002,18,18,1615,17.9,1,0,1,0,0,2,0,0.06,0.00,0.06,0.06,0.06,0.6,0.6,1.4,2.0,0.04,0.08,0.11,0.04,0.11,Matches
256,Diego Llorente\bba30585,es ESP,DF,Leeds United,28-159,1993,14,14,1176,13.1,1,0,1,0,0,5,0,0.08,0.00,0.08,0.08,0.08,0.3,0.3,0.1,0.4,0.02,0.00,0.03,0.02,0.03,Matches
257,Hugo Lloris\8f62b6ee,fr FRA,GK,Tottenham,35-027,1986,19,19,1710,19.0,0,0,0,0,0,0,0,0.00,0.00,0.00,0.00,0.00,0.0,0.0,0.5,0.5,0.00,0.03,0.03,0.00,0.03,Matches
258,Giovani Lo Celso\d7553721,ar ARG,MFFW,Tottenham,25-288,1996,9,2,238,2.6,0,0,0,0,0,0,0,0.00,0.00,0.00,0.00,0.00,0.7,0.7,0.6,1.4,0.28,0.24,0.52,0.28,0.52,Matches
259,Jürgen Locadia\6cc47ae1,nl NED,FW,Brighton,28-076,1993,1,0,23,0.3,0,0,0,0,0,0,0,0.00,0.00,0.00,0.00,0.00,0.1,0.1,0.0,0.1,0.45,0.00,0.45,0.45,0.45,Matches
260,Ruben Loftus-Cheek\e97fd090,eng ENG,MF,Chelsea,25-364,1996,12,7,697,7.7,0,2,0,0,0,1,0,0.00,0.26,0.26,0.00,0.26,0.9,0.9,0.8,1.7,0.12,0.10,0.22,0.12,0.22,Matches
261,Shane Long\9f472354,ie IRL,FWMF,Southampton,35-000,1987,3,1,108,1.2,0,0,0,0,0,0,0,0.00,0.00,0.00,0.00,0.00,0.3,0.3,0.0,0.3,0.26,0.00,0.26,0.26,0.26,Matches
262,Sean Longstaff\a2b105e0,eng ENG,MF,Newcastle Utd,24-084,1997,14,10,936,10.4,1,1,1,0,0,1,0,0.10,0.10,0.19,0.10,0.19,1.0,1.0,0.4,1.4,0.10,0.04,0.14,0.10,0.14,Matches
263,Ademola Lookman\7c104bb7,eng ENG,FWMF,Leicester City,24-094,1997,13,9,801,8.9,3,0,3,0,0,1,0,0.34,0.00,0.34,0.34,0.34,2.4,2.4,1.2,3.5,0.27,0.13,0.40,0.27,0.40,Matches
264,Jonas Lössl\939bc634,dk DEN,GK,Brentford,32-355,1989,1,1,90,1.0,0,0,0,0,0,0,0,0.00,0.00,0.00,0.00,0.00,0.0,0.0,0.0,0.0,0.00,0.00,0.00,0.00,0.00,Matches
265,Imran Louza\e1df6989,ma MAR,MF,Watford,22-266,1999,7,6,423,4.7,0,0,0,0,0,2,0,0.00,0.00,0.00,0.00,0.00,0.1,0.1,0.5,0.6,0.03,0.11,0.14,0.03,0.14,Matches
266,Matthew Lowton\9a9c05db,eng ENG,DF,Burnley,32-227,1989,17,17,1514,16.8,1,2,1,0,0,2,0,0.06,0.12,0.18,0.06,0.18,0.5,0.5,1.1,1.7,0.03,0.07,0.10,0.03,0.10,Matches
267,Douglas Luiz\6f7d826d,br BRA,MF,Aston Villa,23-258,1998,16,15,1322,14.7,0,3,0,0,0,3,0,0.00,0.20,0.20,0.00,0.20,0.3,0.3,1.6,2.0,0.02,0.11,0.13,0.02,0.13,Matches
268,Romelu Lukaku\5eae500a,be BEL,FW,Chelsea,28-254,1993,15,10,999,11.1,5,0,5,0,0,0,0,0.45,0.00,0.45,0.45,0.45,4.2,4.2,2.2,6.4,0.38,0.20,0.57,0.38,0.57,Matches
269,Lyanco\b5bf1770,br BRA,DF,Southampton,24-355,1997,10,5,531,5.9,0,0,0,0,0,2,0,0.00,0.00,0.00,0.00,0.00,0.2,0.2,0.1,0.3,0.03,0.02,0.05,0.03,0.05,Matches
270,Alexis Mac Allister\83d074ff,ar ARG,MFFW,Brighton,23-029,1998,16,7,758,8.4,4,2,3,1,1,1,0,0.47,0.24,0.71,0.36,0.59,2.5,1.8,0.9,2.7,0.30,0.11,0.41,0.21,0.32,Matches
271,James Maddison\ee38d9c5,eng ENG,MFFW,Leicester City,25-060,1996,19,15,1251,13.9,6,3,6,0,0,2,0,0.43,0.22,0.65,0.43,0.65,4.6,4.6,2.4,7.0,0.33,0.17,0.50,0.33,0.50,Matches
272,Harry Maguire\d8931174,eng ENG,DF,Manchester Utd,28-323,1993,17,16,1414,15.7,0,0,0,0,0,6,1,0.00,0.00,0.00,0.00,0.00,0.7,0.7,0.0,0.8,0.05,0.00,0.05,0.05,0.05,Matches
273,Riyad Mahrez\892d5bb1,dz ALG,FW,Manchester City,30-335,1991,16,8,847,9.4,6,4,4,2,2,0,0,0.64,0.43,1.06,0.43,0.85,5.1,3.5,3.0,6.5,0.54,0.32,0.85,0.38,0.69,Matches
274,Ainsley Maitland-Niles\e3a5814e,eng ENG,MF,Arsenal,24-146,1997,8,2,268,3.0,0,0,0,0,0,0,0,0.00,0.00,0.00,0.00,0.00,0.0,0.0,0.3,0.4,0.01,0.12,0.13,0.01,0.13,Matches
275,Sadio Mané\c691bfe2,sn SEN,FW,Liverpool,29-287,1992,20,19,1711,19.0,8,1,8,0,0,2,0,0.42,0.05,0.47,0.42,0.47,10.3,10.3,2.9,13.2,0.54,0.15,0.70,0.54,0.70,Matches
276,Javier Manquillo\758dd7f0,es ESP,DF,Newcastle Utd,27-262,1994,12,12,1035,11.5,1,2,1,0,0,5,0,0.09,0.17,0.26,0.09,0.26,0.5,0.5,0.3,0.8,0.04,0.03,0.07,0.04,0.07,Matches
277,Fernando Marçal\9ae9eaea,br BRA,DF,Wolves,32-337,1989,11,11,954,10.6,0,0,0,0,0,2,0,0.00,0.00,0.00,0.00,0.00,0.4,0.4,0.1,0.5,0.04,0.01,0.05,0.04,0.05,Matches
278,Solly March\bb5fbd2b,eng ENG,DFFW,Brighton,27-186,1994,17,8,887,9.9,0,1,0,0,0,1,0,0.00,0.10,0.10,0.00,0.10,0.9,0.9,1.2,2.2,0.09,0.12,0.22,0.09,0.22,Matches
279,Pablo Marí\aa54ec6f,es ESP,DF,Arsenal,28-144,1993,2,2,180,2.0,0,0,0,0,0,1,0,0.00,0.00,0.00,0.00,0.00,0.3,0.3,0.1,0.4,0.15,0.05,0.21,0.15,0.21,Matches
280,Anthony Martial\8b788c01,fr FRA,FW,Manchester Utd,26-048,1995,7,2,203,2.3,1,0,1,0,0,0,0,0.44,0.00,0.44,0.44,0.44,0.4,0.4,0.1,0.5,0.16,0.07,0.22,0.16,0.22,Matches
281,Martinelli\48a5a5d6,br BRA,FWMF,Arsenal,20-218,2001,13,9,779,8.7,4,2,4,0,0,1,0,0.46,0.23,0.69,0.46,0.69,3.2,3.2,1.0,4.2,0.37,0.11,0.48,0.37,0.48,Matches
282,Emiliano Martínez\7956236f,ar ARG,GK,Aston Villa,29-142,1992,19,19,1710,19.0,0,0,0,0,0,2,0,0.00,0.00,0.00,0.00,0.00,0.0,0.0,0.0,0.0,0.00,0.00,0.00,0.00,0.00,Matches
283,Adam Masina\de0f152c,ma MAR,DF,Watford,28-020,1994,11,11,866,9.6,0,0,0,0,0,0,0,0.00,0.00,0.00,0.00,0.00,0.2,0.2,0.5,0.7,0.02,0.05,0.08,0.02,0.08,Matches
284,Arthur Masuaku\57df7a11,cd COD,DFFW,West Ham,28-076,1993,11,4,505,5.6,1,1,1,0,0,1,0,0.18,0.18,0.36,0.18,0.36,0.1,0.1,0.9,1.0,0.02,0.16,0.17,0.02,0.17,Matches
285,Jean-Philippe Mateta\50e6dc35,fr FRA,FW,Crystal Palace,24-208,1997,6,2,225,2.5,1,0,1,0,0,0,0,0.40,0.00,0.40,0.40,0.40,0.6,0.6,0.1,0.7,0.25,0.03,0.28,0.25,0.28,Matches
286,Nemanja Matić\eb7822d7,rs SRB,MF,Manchester Utd,33-174,1988,13,8,764,8.5,0,2,0,0,0,2,0,0.00,0.24,0.24,0.00,0.24,0.1,0.1,0.8,0.9,0.01,0.10,0.11,0.01,0.11,Matches
287,Joël Matip\b217ef29,cm CMR,DF,Liverpool,30-167,1991,16,16,1440,16.0,0,0,0,0,0,1,0,0.00,0.00,0.00,0.00,0.00,1.5,1.5,0.2,1.7,0.10,0.01,0.11,0.10,0.11,Matches
288,Neal Maupay\4bcf39f6,fr FRA,FW,Brighton,25-161,1996,19,16,1406,15.6,7,1,6,1,1,4,0,0.45,0.06,0.51,0.38,0.45,5.5,4.7,1.5,6.2,0.35,0.09,0.45,0.30,0.40,Matches
289,Bryan Mbeumo\6afaebf2,fr FRA,FW,Brentford,22-168,1999,19,19,1571,17.5,3,2,2,1,1,2,0,0.17,0.11,0.29,0.11,0.23,5.9,5.2,1.6,6.8,0.34,0.09,0.43,0.30,0.39,Matches
290,James McArthur\cee31595,sct SCO,MF,Crystal Palace,34-107,1987,11,11,950,10.6,0,1,0,0,0,3,0,0.00,0.09,0.09,0.00,0.09,0.2,0.2,0.8,1.0,0.02,0.07,0.10,0.02,0.10,Matches
291,James Mcatee\96593e89,eng ENG,FW,Manchester City,19-096,2002,1,0,4,0.0,0,0,0,0,0,0,0,0.00,0.00,0.00,0.00,0.00,0.0,0.0,0.0,0.0,0.95,0.00,0.95,0.95,0.95,Matches
292,Kasey McAteer\b2c66859,eng ENG,FW,Leicester City,20-061,2001,1,0,3,0.0,0,0,0,0,0,0,0,0.00,0.00,0.00,0.00,0.00,0.0,0.0,0.0,0.0,0.00,0.00,0.00,0.00,0.00,Matches
293,Liam McCarron\076bb352,sct SCO,FW,Leeds United,20-321,2001,1,0,10,0.1,0,0,0,0,0,0,0,0.00,0.00,0.00,0.00,0.00,0.0,0.0,0.0,0.0,0.00,0.00,0.00,0.00,0.00,Matches
294,Alex McCarthy\36c2ca73,eng ENG,GK,Southampton,32-050,1989,15,15,1350,15.0,0,0,0,0,0,1,0,0.00,0.00,0.00,0.00,0.00,0.0,0.0,0.0,0.0,0.00,0.00,0.00,0.00,0.00,Matches
295,John McGinn\90f91999,sct SCO,MF,Aston Villa,27-096,1994,17,17,1476,16.4,3,2,3,0,0,5,0,0.18,0.12,0.30,0.18,0.30,0.7,0.7,2.7,3.4,0.04,0.16,0.21,0.04,0.21,Matches
296,Stuart McKinstry\1000a059,sct SCO,MF,Leeds United,19-126,2002,1,0,4,0.0,0,0,0,0,0,0,0,0.00,0.00,0.00,0.00,0.00,0.0,0.0,0.0,0.0,0.00,0.00,0.00,0.00,0.00,Matches
297,Kenny McLean\471f16b3,sct SCO,MF,Norwich City,30-014,1992,20,18,1735,19.3,0,0,0,0,0,2,0,0.00,0.00,0.00,0.00,0.00,1.3,1.3,0.5,1.7,0.07,0.02,0.09,0.07,0.09,Matches
298,Dwight McNeil\fc15fb84,eng ENG,MF,Burnley,22-061,1999,17,17,1504,16.7,0,1,0,0,0,1,0,0.00,0.06,0.06,0.00,0.06,0.6,0.6,2.2,2.8,0.04,0.13,0.17,0.04,0.17,Matches
299,Scott McTominay\d93c2511,sct SCO,MF,Manchester Utd,25-045,1996,18,16,1370,15.2,1,0,1,0,0,5,0,0.07,0.00,0.07,0.07,0.07,0.7,0.7,1.3,2.0,0.05,0.08,0.13,0.05,0.13,Matches
300,Ben Mee\8df7a2fb,eng ENG,DF,Burnley,32-121,1989,13,13,1170,13.0,2,0,2,0,0,3,0,0.15,0.00,0.15,0.15,0.15,1.1,1.1,0.1,1.2,0.09,0.00,0.09,0.09,0.09,Matches
301,Benjamin Mendy\5271c8f1,fr FRA,DF,Manchester City,27-189,1994,1,1,78,0.9,0,0,0,0,0,0,0,0.00,0.00,0.00,0.00,0.00,0.0,0.0,0.3,0.3,0.00,0.30,0.30,0.00,0.30,Matches
302,Edouard Mendy\33887998,sn SEN,GK,Chelsea,29-327,1992,20,20,1800,20.0,0,0,0,0,0,2,0,0.00,0.00,0.00,0.00,0.00,0.0,0.0,0.0,0.0,0.00,0.00,0.00,0.00,0.00,Matches
303,Illan Meslier\6b625ac2,fr FRA,GK,Leeds United,21-326,2000,20,20,1800,20.0,0,0,0,0,0,2,0,0.00,0.00,0.00,0.00,0.00,0.0,0.0,0.0,0.0,0.00,0.00,0.00,0.00,0.00,Matches
304,Luka Milivojević\2ce2508a,rs SRB,MF,Crystal Palace,30-290,1991,10,7,571,6.3,0,0,0,0,0,1,0,0.00,0.00,0.00,0.00,0.00,0.2,0.2,0.6,0.8,0.03,0.09,0.12,0.03,0.12,Matches
305,James Milner\2f90f6b8,eng ENG,MFDF,Liverpool,36-018,1986,14,7,613,6.8,0,1,0,0,0,2,0,0.00,0.15,0.15,0.00,0.15,0.2,0.2,1.4,1.5,0.03,0.20,0.23,0.03,0.23,Matches
306,Yerry Mina\6d5701f2,co COL,DF,Everton,27-121,1994,8,6,525,5.8,0,0,0,0,0,1,0,0.00,0.00,0.00,0.00,0.00,0.1,0.1,0.0,0.1,0.02,0.00,0.02,0.02,0.02,Matches
307,Takumi Minamino\f833a830,jp JPN,FWMF,Liverpool,27-006,1995,7,0,63,0.7,2,0,2,0,0,1,0,2.86,0.00,2.86,2.86,2.86,1.5,1.5,0.4,1.9,2.14,0.64,2.78,2.14,2.78,Matches
308,Tyrone Mings\8397a50c,eng ENG,DF,Aston Villa,28-315,1993,18,17,1569,17.4,1,1,1,0,0,5,0,0.06,0.06,0.11,0.06,0.11,0.7,0.7,0.3,1.0,0.04,0.02,0.06,0.04,0.06,Matches
309,Tyrick Mitchell\5cbd1eb0,eng ENG,DF,Crystal Palace,22-143,1999,21,21,1880,20.9,0,1,0,0,0,0,0,0.00,0.05,0.05,0.00,0.05,0.1,0.1,0.9,1.0,0.01,0.04,0.05,0.01,0.05,Matches
310,Jakub Moder\f230bc30,pl POL,MFFW,Brighton,22-290,1999,20,13,1240,13.8,0,3,0,0,0,1,0,0.00,0.22,0.22,0.00,0.22,2.0,2.0,1.2,3.2,0.14,0.09,0.23,0.14,0.23,Matches
311,Wesley Moraes\bfae110f,br BRA,FW,Aston Villa,25-057,1996,1,0,1,0.0,0,0,0,0,0,0,0,0.00,0.00,0.00,0.00,0.00,0.0,0.0,0.0,0.0,0.00,0.00,0.00,0.00,0.00,Matches
312,Tyler Morton\2bc28bb9,eng ENG,MF,Liverpool,19-083,2002,2,1,66,0.7,0,0,0,0,0,1,0,0.00,0.00,0.00,0.00,0.00,0.0,0.0,0.0,0.0,0.00,0.00,0.00,0.00,0.00,Matches
313,Mason Mount\9674002f,eng ENG,MFFW,Chelsea,23-012,1999,20,15,1348,15.0,7,5,6,1,1,2,0,0.47,0.33,0.80,0.40,0.73,5.9,5.2,4.1,9.3,0.40,0.27,0.67,0.34,0.62,Matches
314,Lucas Moura\2b622f01,br BRA,FWMF,Tottenham,29-162,1992,18,15,1299,14.4,2,3,2,0,0,2,0,0.14,0.21,0.35,0.14,0.35,3.2,3.2,2.5,5.7,0.22,0.18,0.40,0.22,0.40,Matches
315,João Moutinho\f5a00fa4,pt POR,MF,Wolves,35-136,1986,20,19,1659,18.4,1,0,1,0,0,2,0,0.05,0.00,0.05,0.05,0.05,0.7,0.7,1.7,2.5,0.04,0.09,0.14,0.04,0.14,Matches
316,Bali Mumba\2d760d7b,eng ENG,DF,Norwich City,20-106,2001,1,0,45,0.5,0,0,0,0,0,0,0,0.00,0.00,0.00,0.00,0.00,0.0,0.0,0.0,0.0,0.00,0.00,0.00,0.00,0.00,Matches
317,Jacob Murphy\de112b84,eng ENG,DFMF,Newcastle Utd,26-332,1995,17,7,809,9.0,1,1,1,0,0,2,0,0.11,0.11,0.22,0.11,0.22,1.0,1.0,0.9,1.8,0.11,0.10,0.21,0.11,0.21,Matches
318,Enock Mwepu\1d5cab82,zm ZAM,MF,Brighton,24-021,1998,11,7,639,7.1,1,3,1,0,0,1,0,0.14,0.42,0.56,0.14,0.56,1.4,1.4,1.1,2.5,0.20,0.15,0.35,0.20,0.35,Matches
319,Vitaliy Mykolenko\30d4a2e5,ua UKR,DF,Everton,22-238,1999,1,1,90,1.0,0,0,0,0,0,0,0,0.00,0.00,0.00,0.00,0.00,0.0,0.0,0.0,0.0,0.00,0.00,0.00,0.00,0.00,Matches
320,Marvelous Nakamba\de5b5570,zw ZIM,MF,Aston Villa,28-003,1994,12,8,758,8.4,0,0,0,0,0,4,0,0.00,0.00,0.00,0.00,0.00,0.0,0.0,0.1,0.1,0.00,0.01,0.01,0.00,0.01,Matches
321,Wilfred Ndidi\6b47c5db,ng NGA,MFDF,Leicester City,25-037,1996,13,13,1170,13.0,0,0,0,0,0,3,0,0.00,0.00,0.00,0.00,0.00,0.9,0.9,0.0,0.9,0.07,0.00,0.07,0.07,0.07,Matches
322,Tanguy Ndombele\5cdddffa,fr FRA,MF,Tottenham,25-025,1996,9,6,484,5.4,1,1,1,0,0,1,0,0.19,0.19,0.37,0.19,0.37,0.5,0.5,0.4,0.9,0.09,0.07,0.16,0.09,0.16,Matches
323,Reiss Nelson\c5bdb6e3,eng ENG,FW,Arsenal,22-043,1999,1,0,20,0.2,0,0,0,0,0,0,0,0.00,0.00,0.00,0.00,0.00,0.0,0.0,0.0,0.1,0.16,0.18,0.35,0.16,0.35,Matches
324,Rúben Neves\44bfb6c5,pt POR,MF,Wolves,24-315,1997,18,16,1436,16.0,1,1,1,0,0,6,0,0.06,0.06,0.13,0.06,0.13,0.6,0.6,1.4,2.0,0.04,0.09,0.13,0.04,0.13,Matches
325,Jeremy Ngakia\3631ad41,eng ENG,DF,Watford,21-137,2000,11,5,558,6.2,0,0,0,0,0,0,0,0.00,0.00,0.00,0.00,0.00,0.0,0.0,0.3,0.3,0.01,0.05,0.05,0.01,0.05,Matches
326,Saúl Ñíguez\c14bc029,es ESP,MFFW,Chelsea,27-062,1994,5,2,164,1.8,0,0,0,0,0,1,0,0.00,0.00,0.00,0.00,0.00,0.1,0.1,0.0,0.1,0.07,0.00,0.07,0.07,0.07,Matches
327,Eddie Nketiah\a53649b7,eng ENG,FWMF,Arsenal,22-237,1999,3,0,41,0.5,0,0,0,0,0,0,0,0.00,0.00,0.00,0.00,0.00,0.3,0.3,0.3,0.7,0.76,0.68,1.44,0.76,1.44,Matches
328,Nicolas Nkoulou\93cf32a8,cm CMR,DF,Watford,31-301,1990,3,2,168,1.9,0,0,0,0,0,0,0,0.00,0.00,0.00,0.00,0.00,0.0,0.0,0.0,0.0,0.00,0.01,0.01,0.00,0.01,Matches
329,Mark Noble\ff527768,eng ENG,MF,West Ham,34-259,1987,4,1,96,1.1,1,0,0,1,2,0,0,0.94,0.00,0.94,0.00,0.00,1.5,0.0,0.0,0.0,1.42,0.00,1.42,0.00,0.00,Matches
330,Mathias Normann\8996350d,no NOR,MF,Norwich City,25-239,1996,9,9,703,7.8,1,1,1,0,0,4,0,0.13,0.13,0.26,0.13,0.26,0.7,0.7,0.4,1.1,0.09,0.05,0.14,0.09,0.14,Matches
331,Christian Nørgaard\df0a4c90,dk DEN,MF,Brentford,27-318,1994,21,21,1856,20.6,1,2,1,0,0,5,0,0.05,0.10,0.15,0.05,0.15,2.3,2.3,1.9,4.1,0.11,0.09,0.20,0.11,0.20,Matches
332,Angelo Ogbonna\74b2cd7e,it ITA,DF,West Ham,33-244,1988,11,11,921,10.2,1,0,1,0,0,1,0,0.10,0.00,0.10,0.10,0.10,0.3,0.3,0.0,0.3,0.03,0.00,0.03,0.03,0.03,Matches
333,Michael Olise\c4486bac,fr FRA,FWMF,Crystal Palace,20-041,2001,14,3,401,4.5,2,3,2,0,0,2,0,0.45,0.67,1.12,0.45,1.12,0.4,0.4,1.4,1.7,0.08,0.31,0.39,0.08,0.39,Matches
334,Andrew Omobamidele\c393a6c4,ie IRL,DF,Norwich City,19-213,2002,5,4,382,4.2,1,0,1,0,0,1,0,0.24,0.00,0.24,0.24,0.24,0.3,0.3,0.0,0.3,0.07,0.00,0.07,0.07,0.07,Matches
335,Tyler Onyango\d86a1f3e,eng ENG,FWMF,Everton,18-324,2003,2,0,2,0.0,0,0,0,0,0,0,0,0.00,0.00,0.00,0.00,0.00,0.0,0.0,0.0,0.0,0.00,0.00,0.00,0.00,0.00,Matches
336,Frank Onyeka\2944f86f,ng NGA,MF,Brentford,24-021,1998,17,11,943,10.5,0,0,0,0,0,4,0,0.00,0.00,0.00,0.00,0.00,0.9,0.9,0.2,1.1,0.09,0.02,0.10,0.09,0.10,Matches
337,Divock Origi\43a166b4,be BEL,FW,Liverpool,26-279,1995,3,0,41,0.5,2,0,2,0,0,0,0,4.39,0.00,4.39,4.39,4.39,0.7,0.7,0.0,0.7,1.47,0.00,1.47,1.47,1.47,Matches
338,Alex Oxlade-Chamberlain\38c7feef,eng ENG,MFFW,Liverpool,28-160,1993,15,7,665,7.4,1,1,1,0,0,0,0,0.14,0.14,0.27,0.14,0.27,0.7,0.7,0.8,1.5,0.09,0.10,0.20,0.09,0.20,Matches
339,Cole Palmer\dc7f8a28,eng ENG,FWMF,Manchester City,19-261,2002,4,1,123,1.4,0,0,0,0,0,0,0,0.00,0.00,0.00,0.00,0.00,0.3,0.3,0.2,0.5,0.23,0.17,0.39,0.23,0.39,Matches
340,Emerson Palmieri\e0bc6fdc,it ITA,DF,Chelsea,27-172,1994,1,0,5,0.1,0,0,0,0,0,0,0,0.00,0.00,0.00,0.00,0.00,0.0,0.0,0.0,0.0,0.00,0.00,0.00,0.00,0.00,Matches
341,Thomas Partey\529f49ab,gh GHA,MF,Arsenal,28-223,1993,16,15,1324,14.7,1,0,1,0,0,3,0,0.07,0.00,0.07,0.07,0.07,1.5,1.5,0.7,2.1,0.10,0.05,0.15,0.10,0.15,Matches
342,João Pedro\e8832875,br BRA,MFFW,Watford,20-118,2001,15,5,724,8.0,2,1,2,0,0,1,0,0.25,0.12,0.37,0.25,0.37,1.3,1.3,1.8,3.2,0.19,0.26,0.45,0.19,0.45,Matches
343,Nicolas Pépé\57e3f0c7,ci CIV,FWMF,Arsenal,26-238,1995,9,5,505,5.6,0,1,0,0,0,0,0,0.00,0.18,0.18,0.00,0.18,1.6,1.6,1.6,3.3,0.29,0.29,0.58,0.29,0.58,Matches
344,Ricardo Pereira\75a72a99,pt POR,DF,Leicester City,28-108,1993,8,8,595,6.6,0,2,0,0,0,1,0,0.00,0.30,0.30,0.00,0.30,0.3,0.3,1.1,1.4,0.05,0.17,0.22,0.05,0.22,Matches
345,Ayoze Pérez\819aa8e7,es ESP,FWMF,Leicester City,28-183,1993,7,3,219,2.4,0,2,0,0,0,0,1,0.00,0.82,0.82,0.00,0.82,1.0,1.0,0.7,1.7,0.43,0.27,0.70,0.43,0.70,Matches
346,Sonny Perkins\87f12e30,eng ENG,MF,West Ham,17-346,2004,1,0,4,0.0,0,0,0,0,0,0,0,0.00,0.00,0.00,0.00,0.00,0.0,0.0,0.0,0.0,0.00,0.00,0.00,0.00,0.00,Matches
347,Romain Perraud\6dfd8f05,fr FRA,DF,Southampton,24-122,1997,10,9,792,8.8,0,0,0,0,0,0,0,0.00,0.00,0.00,0.00,0.00,0.5,0.5,0.1,0.7,0.06,0.02,0.07,0.06,0.07,Matches
348,Kalvin Phillips\4f565d77,eng ENG,MF,Leeds United,26-051,1995,12,12,999,11.1,0,1,0,0,0,2,0,0.00,0.09,0.09,0.00,0.09,0.5,0.5,0.2,0.7,0.05,0.02,0.06,0.05,0.06,Matches
349,Jaden Philogene Bidace\19f4d211,eng ENG,FW,Aston Villa,19-249,2002,1,0,5,0.1,0,0,0,0,0,0,0,0.00,0.00,0.00,0.00,0.00,0.0,0.0,0.0,0.0,0.00,0.00,0.00,0.00,0.00,Matches
350,Jordan Pickford\4806ec67,eng ENG,GK,Everton,27-321,1994,18,18,1620,18.0,0,0,0,0,0,1,0,0.00,0.00,0.00,0.00,0.00,0.0,0.0,0.0,0.0,0.00,0.00,0.00,0.00,0.00,Matches
351,Erik Pieters\1ef37668,nl NED,DFMF,Burnley,33-168,1988,4,1,112,1.2,0,0,0,0,0,0,0,0.00,0.00,0.00,0.00,0.00,0.0,0.0,0.0,0.0,0.00,0.00,0.00,0.00,0.00,Matches
352,Ethan Pinnock\e541326e,jm JAM,DF,Brentford,28-238,1993,21,21,1774,19.7,1,1,1,0,0,0,0,0.05,0.05,0.10,0.05,0.10,1.3,1.3,1.2,2.6,0.07,0.06,0.13,0.07,0.13,Matches
353,Daniel Podence\7fcc71d8,pt POR,FWMF,Wolves,26-093,1995,14,6,610,6.8,0,2,0,0,0,1,0,0.00,0.30,0.30,0.00,0.30,1.0,1.0,2.0,3.0,0.15,0.30,0.45,0.15,0.45,Matches
354,Paul Pogba\867239d3,fr FRA,MFFW,Manchester Utd,28-313,1993,9,7,631,7.0,0,7,0,0,0,4,1,0.00,1.00,1.00,0.00,1.00,1.6,1.6,1.4,3.0,0.23,0.19,0.42,0.23,0.42,Matches
355,Nick Pope\4b40d9ca,eng ENG,GK,Burnley,29-278,1992,15,15,1350,15.0,0,0,0,0,0,0,0,0.00,0.00,0.00,0.00,0.00,0.0,0.0,0.2,0.2,0.00,0.01,0.01,0.00,0.01,Matches
356,Teemu Pukki\0745b37d,fi FIN,FW,Norwich City,31-299,1990,21,21,1815,20.2,5,1,3,2,2,3,0,0.25,0.05,0.30,0.15,0.20,4.9,3.4,0.7,4.1,0.26,0.04,0.29,0.18,0.21,Matches
357,Christian Pulisic\1bf33a9a,us USA,FWMF,Chelsea,23-126,1998,12,8,756,8.4,3,0,3,0,0,1,0,0.36,0.00,0.36,0.36,0.36,2.4,2.4,0.5,2.9,0.29,0.06,0.35,0.29,0.35,Matches
358,Przemysław Płacheta\3c33f9d9,pl POL,FWMF,Norwich City,23-305,1998,7,5,365,4.1,0,0,0,0,0,1,0,0.00,0.00,0.00,0.00,0.00,0.5,0.5,0.3,0.8,0.12,0.08,0.20,0.12,0.20,Matches
359,Jesuran Rak Sakyi\45685411,eng ENG,MF,Crystal Palace,19-109,2002,1,0,14,0.2,0,0,0,0,0,0,0,0.00,0.00,0.00,0.00,0.00,0.0,0.0,0.0,0.0,0.00,0.00,0.00,0.00,0.00,Matches
360,Aaron Ramsdale\466fb2c5,eng ENG,GK,Arsenal,23-253,1998,17,17,1530,17.0,0,0,0,0,0,1,0,0.00,0.00,0.00,0.00,0.00,0.0,0.0,0.0,0.0,0.00,0.00,0.00,0.00,0.00,Matches
361,Jacob Ramsey\1544f145,eng ENG,MFFW,Aston Villa,20-239,2001,18,14,1158,12.9,3,1,3,0,0,3,0,0.23,0.08,0.31,0.23,0.31,1.8,1.8,1.4,3.2,0.14,0.11,0.25,0.14,0.25,Matches
362,Marcus Rashford\a1d5bd30,eng ENG,FWMF,Manchester Utd,24-083,1997,12,7,620,6.9,3,1,3,0,0,1,0,0.44,0.15,0.58,0.44,0.58,1.3,1.3,1.1,2.4,0.19,0.16,0.35,0.19,0.35,Matches
363,Milot Rashica\6c6a3300,xk KVX,FWMF,Norwich City,25-208,1996,16,11,1057,11.7,0,2,0,0,0,0,0,0.00,0.17,0.17,0.00,0.17,1.2,1.2,1.3,2.5,0.11,0.12,0.23,0.11,0.23,Matches
364,David Raya\98ea5115,es ESP,GK,Brentford,26-129,1995,9,9,810,9.0,0,0,0,0,0,0,0,0.00,0.00,0.00,0.00,0.00,0.0,0.0,0.0,0.0,0.00,0.00,0.00,0.00,0.00,Matches
365,Nathan Redmond\ab651565,eng ENG,MFFW,Southampton,27-322,1994,18,14,1295,14.4,0,4,0,0,0,0,0,0.00,0.28,0.28,0.00,0.28,1.8,1.8,3.5,5.3,0.12,0.24,0.37,0.12,0.37,Matches
366,Sergio Reguilón\3353737a,es ESP,DF,Tottenham,25-037,1996,18,17,1362,15.1,1,3,1,0,0,3,0,0.07,0.20,0.26,0.07,0.26,1.4,1.4,3.3,4.6,0.09,0.22,0.31,0.09,0.31,Matches
367,Declan Rice\1c7012b8,eng ENG,MF,West Ham,23-008,1999,21,21,1890,21.0,1,4,1,0,0,5,0,0.05,0.19,0.24,0.05,0.24,0.7,0.7,1.7,2.4,0.03,0.08,0.11,0.03,0.11,Matches
368,Taylor Richards\e0243d23,eng ENG,MFFW,Brighton,21-049,2000,2,0,25,0.3,0,0,0,0,0,0,0,0.00,0.00,0.00,0.00,0.00,0.0,0.0,0.0,0.0,0.14,0.00,0.14,0.14,0.14,Matches
369,Richarlison\fa031b34,br BRA,FWMF,Everton,24-257,1997,12,10,923,10.3,4,2,4,0,0,5,0,0.39,0.20,0.59,0.39,0.59,2.7,2.7,1.8,4.5,0.26,0.17,0.44,0.26,0.44,Matches
370,Jaïro Riedewald\7a1f2c08,nl NED,MF,Crystal Palace,25-135,1996,3,1,118,1.3,0,0,0,0,0,0,0,0.00,0.00,0.00,0.00,0.00,0.0,0.0,0.1,0.1,0.00,0.06,0.06,0.00,0.06,Matches
371,Matt Ritchie\71ef519e,sct SCO,DF,Newcastle Utd,32-134,1989,16,14,1318,14.6,0,2,0,0,0,5,0,0.00,0.14,0.14,0.00,0.14,0.4,0.4,1.6,2.1,0.03,0.11,0.14,0.03,0.14,Matches
372,Connor Roberts\24fae784,wls WAL,DF,Burnley,26-121,1995,1,0,16,0.2,0,0,0,0,0,0,0,0.00,0.00,0.00,0.00,0.00,0.0,0.0,0.0,0.0,0.00,0.00,0.00,0.00,0.00,Matches
373,Tyler Roberts\6c17e046,wls WAL,MFFW,Leeds United,23-010,1999,19,7,862,9.6,1,1,1,0,0,5,0,0.10,0.10,0.21,0.10,0.21,2.6,2.6,1.3,3.9,0.27,0.13,0.41,0.27,0.41,Matches
374,Andrew Robertson\2e4f5f03,sct SCO,DF,Liverpool,27-317,1994,15,15,1304,14.5,1,6,1,0,0,4,1,0.07,0.41,0.48,0.07,0.48,1.1,1.1,3.3,4.4,0.07,0.23,0.30,0.07,0.30,Matches
375,Joe Rodon\8d62d31a,wls WAL,DF,Tottenham,24-092,1997,1,0,79,0.9,0,0,0,0,0,0,0,0.00,0.00,0.00,0.00,0.00,0.0,0.0,0.0,0.0,0.00,0.00,0.00,0.00,0.00,Matches
376,Rodri\6434f10d,es ESP,MF,Manchester City,25-214,1996,18,18,1562,17.4,3,1,3,0,0,5,0,0.17,0.06,0.23,0.17,0.23,1.2,1.2,1.1,2.3,0.07,0.06,0.13,0.07,0.13,Matches
377,Rodrigo\1fb1c435,es ESP,MFFW,Leeds United,30-322,1991,13,11,923,10.3,2,0,1,1,1,4,0,0.20,0.00,0.20,0.10,0.10,2.7,2.0,3.0,4.9,0.27,0.29,0.56,0.19,0.48,Matches
378,Jay Rodriguez\4ab53cdb,eng ENG,FW,Burnley,32-177,1989,13,2,372,4.1,0,1,0,0,0,3,0,0.00,0.24,0.24,0.00,0.24,1.2,1.2,1.2,2.3,0.28,0.28,0.56,0.28,0.56,Matches
379,Mads Roerslev\57c94db2,dk DEN,DF,Brentford,22-212,1999,12,8,783,8.7,1,1,1,0,0,0,0,0.11,0.11,0.23,0.11,0.23,0.3,0.3,0.4,0.7,0.04,0.04,0.08,0.04,0.08,Matches
380,Cristian Romero\a3d94a58,ar ARG,DF,Tottenham,23-270,1998,7,6,533,5.9,0,0,0,0,0,4,0,0.00,0.00,0.00,0.00,0.00,0.0,0.0,0.0,0.0,0.00,0.00,0.00,0.00,0.00,Matches
381,Oriol Romeu\4b511457,es ESP,MF,Southampton,30-120,1991,19,19,1638,18.2,0,1,0,0,0,5,0,0.00,0.05,0.05,0.00,0.05,0.8,0.8,1.5,2.2,0.04,0.08,0.12,0.04,0.12,Matches
382,Cristiano Ronaldo\dea698d9,pt POR,FW,Manchester Utd,36-351,1985,17,15,1367,15.2,8,3,6,2,2,4,0,0.53,0.20,0.72,0.40,0.59,8.9,7.4,1.6,9.0,0.59,0.11,0.69,0.49,0.59,Matches
383,Salomón Rondón\b318a643,ve VEN,FW,Everton,32-128,1989,13,8,710,7.9,1,0,1,0,0,2,0,0.13,0.00,0.13,0.13,0.13,2.0,2.0,0.6,2.6,0.25,0.08,0.33,0.25,0.33,Matches
384,Danny Rose\89d10e53,eng ENG,DF,Watford,31-204,1990,8,7,689,7.7,0,0,0,0,0,4,0,0.00,0.00,0.00,0.00,0.00,0.2,0.2,0.8,0.9,0.02,0.10,0.12,0.02,0.12,Matches
385,Jon Rowe\8c12f884,eng ENG,FWMF,Norwich City,18-267,2003,2,0,39,0.4,0,0,0,0,0,0,0,0.00,0.00,0.00,0.00,0.00,0.0,0.0,0.1,0.1,0.00,0.29,0.29,0.00,0.29,Matches
386,Antonio Rüdiger\18b896d6,de GER,DF,Chelsea,28-325,1993,22,22,1980,22.0,2,0,2,0,0,5,0,0.09,0.00,0.09,0.09,0.09,1.8,1.8,1.0,2.8,0.08,0.05,0.13,0.08,0.13,Matches
387,Lukas Rupp\3faa1780,de GER,MF,Norwich City,31-014,1991,10,5,477,5.3,0,0,0,0,0,0,0,0.00,0.00,0.00,0.00,0.00,0.6,0.6,1.1,1.7,0.11,0.21,0.32,0.11,0.32,Matches
388,José Sá\903b6e8b,pt POR,GK,Wolves,29-005,1993,20,20,1800,20.0,0,1,0,0,0,2,0,0.00,0.05,0.05,0.00,0.05,0.0,0.0,1.0,1.0,0.00,0.05,0.05,0.00,0.05,Matches
389,Allan Saint-Maximin\2b16cb1a,fr FRA,FWMF,Newcastle Utd,24-316,1997,20,19,1705,18.9,5,3,5,0,0,3,0,0.26,0.16,0.42,0.26,0.42,3.4,3.4,3.3,6.7,0.18,0.17,0.35,0.18,0.35,Matches
390,Romain Saïss\9fbbcf39,ma MAR,DF,Wolves,31-302,1990,19,19,1658,18.4,2,0,2,0,0,3,0,0.11,0.00,0.11,0.11,0.11,2.1,2.1,0.1,2.3,0.12,0.01,0.12,0.12,0.12,Matches
391,Bukayo Saka\bc7dc64d,eng ENG,FWMF,Arsenal,20-139,2001,20,18,1481,16.5,6,4,6,0,0,3,0,0.36,0.24,0.61,0.36,0.61,4.5,4.5,3.1,7.6,0.28,0.19,0.46,0.28,0.46,Matches
392,Mohamed Salah\e342ad68,eg EGY,FW,Liverpool,29-221,1992,20,20,1782,19.8,16,9,14,2,3,1,0,0.81,0.45,1.26,0.71,1.16,12.5,10.1,6.8,16.9,0.63,0.34,0.98,0.51,0.85,Matches
393,Mohammed Salisu\0b33f6ad,gh GHA,DF,Southampton,22-280,1999,20,19,1712,19.0,0,0,0,0,0,9,1,0.00,0.00,0.00,0.00,0.00,0.9,0.9,0.5,1.4,0.05,0.03,0.07,0.05,0.07,Matches
394,Albert Sambi Lokonga\1b4f1169,be BEL,MF,Arsenal,22-092,1999,13,9,819,9.1,0,0,0,0,0,4,0,0.00,0.00,0.00,0.00,0.00,0.5,0.5,0.6,1.0,0.05,0.06,0.11,0.05,0.11,Matches
395,Davinson Sánchez\da7b447d,co COL,DF,Tottenham,25-224,1996,13,11,1021,11.3,2,0,2,0,0,3,0,0.18,0.00,0.18,0.18,0.18,1.6,1.6,0.1,1.7,0.14,0.01,0.15,0.14,0.15,Matches
396,Robert Sánchez\6a713852,es ESP,GK,Brighton,24-065,1997,20,20,1799,20.0,0,0,0,0,0,2,1,0.00,0.00,0.00,0.00,0.00,0.0,0.0,0.4,0.4,0.00,0.02,0.02,0.00,0.02,Matches
397,Jadon Sancho\dbf053da,eng ENG,FWMF,Manchester Utd,21-303,2000,17,10,937,10.4,1,0,1,0,0,0,0,0.10,0.00,0.10,0.10,0.10,1.2,1.2,1.6,2.9,0.12,0.16,0.28,0.12,0.28,Matches
398,Morgan Sanson\6e7f1353,fr FRA,MF,Aston Villa,27-157,1994,6,2,226,2.5,0,0,0,0,0,0,0,0.00,0.00,0.00,0.00,0.00,0.0,0.0,0.0,0.0,0.00,0.00,0.00,0.00,0.00,Matches
399,Samir Santos\92b4758e,br BRA,DF,Watford,27-048,1994,2,2,180,2.0,0,0,0,0,0,1,0,0.00,0.00,0.00,0.00,0.00,0.1,0.1,0.0,0.1,0.06,0.00,0.06,0.06,0.06,Matches
400,Josh Sargent\a8d4428b,us USA,FWMF,Norwich City,21-336,2000,19,12,1073,11.9,2,0,2,0,0,1,0,0.17,0.00,0.17,0.17,0.17,1.7,1.7,0.6,2.3,0.16,0.06,0.21,0.16,0.21,Matches
401,Jeremy Sarmiento\ac0d576d,ec ECU,FW,Brighton,19-220,2002,2,1,21,0.2,0,0,0,0,0,0,0,0.00,0.00,0.00,0.00,0.00,0.0,0.0,0.0,0.0,0.00,0.00,0.00,0.00,0.00,Matches
402,Ismaila Sarr\bfdb33aa,sn SEN,MFFW,Watford,23-331,1998,12,12,1030,11.4,5,0,5,0,1,1,0,0.44,0.00,0.44,0.44,0.44,3.3,2.5,1.2,3.7,0.29,0.10,0.39,0.22,0.32,Matches
403,Malang Sarr\4315f30d,fr FRA,DF,Chelsea,22-364,1999,2,2,180,2.0,0,0,0,0,0,0,0,0.00,0.00,0.00,0.00,0.00,0.0,0.0,0.0,0.0,0.00,0.00,0.00,0.00,0.00,Matches
404,Fabian Schär\c8aa95da,ch SUI,DF,Newcastle Utd,30-033,1991,10,10,880,9.8,0,1,0,0,0,2,0,0.00,0.10,0.10,0.00,0.10,0.2,0.2,0.1,0.3,0.02,0.01,0.03,0.02,0.03,Matches
405,Jeffrey Schlupp\3312f911,gh GHA,MFFW,Crystal Palace,29-030,1992,16,7,680,7.6,2,1,2,0,0,0,0,0.26,0.13,0.40,0.26,0.40,1.1,1.1,0.7,1.8,0.15,0.09,0.24,0.15,0.24,Matches
406,Kasper Schmeichel\53af52f3,dk DEN,GK,Leicester City,35-078,1986,19,19,1710,19.0,0,0,0,0,0,1,0,0.00,0.00,0.00,0.00,0.00,0.0,0.0,0.0,0.0,0.00,0.00,0.00,0.00,0.00,Matches
407,Ken Sema\1770bd68,se SWE,MFFW,Watford,28-114,1993,10,3,429,4.8,0,0,0,0,0,1,0,0.00,0.00,0.00,0.00,0.00,0.1,0.1,0.6,0.6,0.02,0.12,0.14,0.02,0.14,Matches
408,Nélson Semedo\d04b94db,pt POR,DF,Wolves,28-067,1993,18,18,1569,17.4,0,0,0,0,0,1,0,0.00,0.00,0.00,0.00,0.00,1.2,1.2,0.7,1.9,0.07,0.04,0.11,0.07,0.11,Matches
409,Ryan Sessegnon\6aa3e78b,eng ENG,DF,Tottenham,21-249,2000,3,1,166,1.8,0,0,0,0,0,0,0,0.00,0.00,0.00,0.00,0.00,0.0,0.0,0.2,0.2,0.00,0.10,0.10,0.00,0.10,Matches
410,Jamie Shackleton\8d03ca5a,eng ENG,DF,Leeds United,22-106,1999,11,7,628,7.0,0,0,0,0,0,4,0,0.00,0.00,0.00,0.00,0.00,0.1,0.1,0.0,0.2,0.02,0.01,0.02,0.02,0.02,Matches
411,Luke Shaw\9c94165b,eng ENG,DF,Manchester Utd,26-194,1995,14,14,1179,13.1,0,1,0,0,0,5,0,0.00,0.08,0.08,0.00,0.08,0.2,0.2,1.8,1.9,0.01,0.14,0.15,0.01,0.15,Matches
412,Jonjo Shelvey\3727dd3c,eng ENG,MF,Newcastle Utd,29-329,1992,12,10,903,10.0,1,0,1,0,0,5,1,0.10,0.00,0.10,0.10,0.10,0.4,0.4,0.4,0.8,0.04,0.04,0.08,0.04,0.08,Matches
413,Francisco Sierralta\0f933743,cl CHI,DF,Watford,24-261,1997,5,5,427,4.7,0,0,0,0,0,0,0,0.00,0.00,0.00,0.00,0.00,0.0,0.0,0.0,0.0,0.01,0.00,0.01,0.01,0.01,Matches
414,Bernardo Silva\3eb22ec9,pt POR,MFFW,Manchester City,27-165,1994,21,21,1792,19.9,7,1,7,0,0,5,0,0.35,0.05,0.40,0.35,0.40,4.1,4.1,3.5,7.6,0.21,0.18,0.38,0.21,0.38,Matches
415,Fábio Silva\e7aa9d7c,pt POR,FWMF,Wolves,19-187,2002,10,0,62,0.7,0,0,0,0,0,0,0,0.00,0.00,0.00,0.00,0.00,0.2,0.2,0.1,0.2,0.25,0.09,0.33,0.25,0.33,Matches
416,Thiago Silva\86e7deaf,br BRA,DF,Chelsea,37-122,1984,19,16,1553,17.3,2,0,2,0,0,1,0,0.12,0.00,0.12,0.12,0.12,0.5,0.5,0.1,0.6,0.03,0.01,0.04,0.03,0.04,Matches
417,Ellis Simms\26d3b5be,eng ENG,FW,Everton,21-017,2001,1,1,61,0.7,0,0,0,0,0,0,0,0.00,0.00,0.00,0.00,0.00,0.0,0.0,0.0,0.0,0.00,0.00,0.00,0.00,0.00,Matches
418,Moussa Sissoko\2acd49b9,fr FRA,MF,Watford,32-159,1989,18,18,1600,17.8,0,1,0,0,0,3,0,0.00,0.06,0.06,0.00,0.06,1.1,1.1,0.9,2.1,0.07,0.06,0.12,0.07,0.12,Matches
419,Oliver Skipp\6250083a,eng ENG,MF,Tottenham,21-128,2000,17,14,1315,14.6,0,0,0,0,0,6,0,0.00,0.00,0.00,0.00,0.00,0.2,0.2,0.7,0.9,0.01,0.05,0.06,0.01,0.06,Matches
420,William Smallbone\5e105217,ie IRL,MF,Southampton,21-335,2000,1,1,69,0.8,0,0,0,0,0,0,0,0.00,0.00,0.00,0.00,0.00,0.1,0.1,0.1,0.2,0.10,0.12,0.23,0.10,0.23,Matches
421,Emile Smith Rowe\17695062,eng ENG,MFFW,Arsenal,21-178,2000,18,13,1206,13.4,8,2,8,0,0,0,0,0.60,0.15,0.75,0.60,0.75,3.4,3.4,1.6,5.0,0.26,0.12,0.37,0.26,0.37,Matches
422,Cédric Soares\839c14e1,pt POR,DF,Arsenal,30-144,1991,4,2,217,2.4,0,0,0,0,0,1,0,0.00,0.00,0.00,0.00,0.00,0.0,0.0,0.1,0.2,0.01,0.06,0.07,0.01,0.07,Matches
423,Tomáš Souček\6613c819,cz CZE,MF,West Ham,26-329,1995,20,20,1788,19.9,3,1,3,0,0,2,0,0.15,0.05,0.20,0.15,0.20,2.8,2.4,0.4,2.8,0.14,0.02,0.16,0.12,0.14,Matches
424,Boubakary Soumaré\ae59b359,fr FRA,MF,Leicester City,22-329,1999,15,10,952,10.6,0,1,0,0,0,0,0,0.00,0.09,0.09,0.00,0.09,0.3,0.3,0.2,0.5,0.03,0.02,0.05,0.03,0.05,Matches
425,Çağlar Söyüncü\21166ff4,tr TUR,DF,Leicester City,25-244,1996,17,17,1507,16.7,1,0,1,0,0,3,0,0.06,0.00,0.06,0.06,0.06,1.3,1.3,0.1,1.4,0.08,0.01,0.08,0.08,0.08,Matches
426,Jason Steele\28300a16,eng ENG,GK,Brighton,31-157,1990,1,1,90,1.0,0,0,0,0,0,0,0,0.00,0.00,0.00,0.00,0.00,0.0,0.0,0.0,0.0,0.00,0.00,0.00,0.00,0.00,Matches
427,Jed Steer\a8a3d139,eng ENG,GK,Aston Villa,29-121,1992,1,1,90,1.0,0,0,0,0,0,0,0,0.00,0.00,0.00,0.00,0.00,0.0,0.0,0.0,0.0,0.00,0.00,0.00,0.00,0.00,Matches
428,Zack Steffen\42130443,us USA,GK,Manchester City,26-295,1995,1,1,90,1.0,0,0,0,0,0,0,0,0.00,0.00,0.00,0.00,0.00,0.0,0.0,0.0,0.0,0.00,0.00,0.00,0.00,0.00,Matches
429,Dale Stephens\653ee42d,eng ENG,MF,Burnley,32-224,1989,1,0,33,0.4,0,0,0,0,0,0,0,0.00,0.00,0.00,0.00,0.00,0.0,0.0,0.0,0.0,0.00,0.00,0.00,0.00,0.00,Matches
430,Jack Stephens\6adbc307,eng ENG,DF,Southampton,27-360,1994,6,6,486,5.4,0,0,0,0,0,2,0,0.00,0.00,0.00,0.00,0.00,0.0,0.0,0.3,0.3,0.00,0.05,0.05,0.00,0.05,Matches
431,Raheem Sterling\b400bde0,eng ENG,FW,Manchester City,27-045,1994,18,12,1187,13.2,7,1,5,2,2,0,0,0.53,0.08,0.61,0.38,0.45,7.0,5.5,3.0,8.5,0.53,0.23,0.76,0.42,0.64,Matches
432,Finley Stevens\7e003182,wls WAL,DF,Brentford,18-287,2003,1,0,15,0.2,0,0,0,0,0,0,0,0.00,0.00,0.00,0.00,0.00,0.0,0.0,0.0,0.0,0.00,0.25,0.25,0.00,0.25,Matches
433,John Stones\5eecec3d,eng ENG,DF,Manchester City,27-239,1994,7,5,503,5.6,1,0,1,0,0,0,0,0.18,0.00,0.18,0.18,0.18,0.8,0.8,0.0,0.8,0.15,0.00,0.15,0.15,0.15,Matches
434,Pascal Struijk\f4d296e4,nl NED,DFMF,Leeds United,22-164,1999,13,10,928,10.3,0,0,0,0,0,3,1,0.00,0.00,0.00,0.00,0.00,0.1,0.1,0.1,0.2,0.01,0.01,0.02,0.01,0.02,Matches
435,Crysencio Summerville\df04eb4b,nl NED,MFFW,Leeds United,20-084,2001,5,0,122,1.4,0,0,0,0,0,0,0,0.00,0.00,0.00,0.00,0.00,0.3,0.3,0.0,0.3,0.19,0.03,0.22,0.19,0.22,Matches
436,Jakob Sørensen\953c30b0,dk DEN,DFMF,Norwich City,23-325,1998,6,4,370,4.1,0,0,0,0,0,0,0,0.00,0.00,0.00,0.00,0.00,0.4,0.4,0.0,0.4,0.09,0.00,0.09,0.09,0.09,Matches
437,Japhet Tanganga\e9971f2d,eng ENG,DF,Tottenham,22-297,1999,10,9,680,7.6,0,0,0,0,0,3,1,0.00,0.00,0.00,0.00,0.00,0.4,0.4,0.4,0.8,0.05,0.05,0.10,0.05,0.10,Matches
438,Matt Targett\e514ab62,eng ENG,DF,Aston Villa,26-126,1995,17,17,1431,15.9,1,1,1,0,0,2,0,0.06,0.06,0.13,0.06,0.13,0.5,0.5,2.2,2.8,0.03,0.14,0.17,0.03,0.17,Matches
439,James Tarkowski\15ea812b,eng ENG,DF,Burnley,29-064,1992,16,16,1440,16.0,1,2,1,0,0,6,0,0.06,0.12,0.19,0.06,0.19,1.4,1.4,0.2,1.7,0.09,0.02,0.10,0.09,0.10,Matches
440,Nuno Tavares\a65c844b,pt POR,DF,Arsenal,21-361,2000,13,6,625,6.9,0,1,0,0,0,1,0,0.00,0.14,0.14,0.00,0.14,0.6,0.6,0.8,1.4,0.09,0.11,0.20,0.09,0.20,Matches
441,Charlie Taylor\cc2d7ad5,eng ENG,DF,Burnley,28-126,1993,16,16,1440,16.0,0,1,0,0,0,1,0,0.00,0.06,0.06,0.00,0.06,0.1,0.1,1.6,1.7,0.01,0.10,0.11,0.01,0.11,Matches
442,Nathan Tella\f1e94cd6,eng ENG,MFFW,Southampton,22-201,1999,10,7,586,6.5,0,0,0,0,0,1,0,0.00,0.00,0.00,0.00,0.00,0.5,0.5,0.7,1.2,0.07,0.11,0.18,0.07,0.18,Matches
443,Alex Telles\e73c9bb2,br BRA,DF,Manchester Utd,29-038,1992,8,7,648,7.2,0,1,0,0,0,0,0,0.00,0.14,0.14,0.00,0.14,0.2,0.2,0.5,0.7,0.03,0.07,0.10,0.03,0.10,Matches
444,Luke Thomas\fc027d02,eng ENG,DF,Leicester City,20-226,2001,11,11,952,10.6,0,1,0,0,0,0,0,0.00,0.09,0.09,0.00,0.09,0.1,0.1,1.2,1.3,0.01,0.12,0.13,0.01,0.13,Matches
445,Dominic Thompson\235a62f8,eng ENG,DF,Brentford,21-180,2000,2,2,146,1.6,0,0,0,0,0,0,0,0.00,0.00,0.00,0.00,0.00,0.0,0.0,0.0,0.0,0.01,0.00,0.01,0.01,0.01,Matches
446,Youri Tielemans\56f7a928,be BEL,MF,Leicester City,24-260,1997,15,14,1261,14.0,5,2,4,1,1,1,0,0.36,0.14,0.50,0.29,0.43,3.0,2.2,2.9,5.2,0.21,0.21,0.42,0.16,0.37,Matches
447,Kieran Tierney\fce2302c,sct SCO,DF,Arsenal,24-231,1997,14,14,1196,13.3,1,3,1,0,0,0,0,0.08,0.23,0.30,0.08,0.30,0.6,0.6,1.2,1.7,0.04,0.09,0.13,0.04,0.13,Matches
448,Takehiro Tomiyasu\b3af9be1,jp JPN,DF,Arsenal,23-078,1998,16,16,1383,15.4,0,1,0,0,0,1,0,0.00,0.07,0.07,0.00,0.07,0.3,0.3,0.6,0.9,0.02,0.04,0.06,0.02,0.06,Matches
449,James Tomkins\e7ca0439,eng ENG,DF,Crystal Palace,32-299,1989,8,6,547,6.1,1,0,1,0,0,2,0,0.16,0.00,0.16,0.16,0.16,0.6,0.6,0.4,0.9,0.09,0.06,0.15,0.09,0.15,Matches
450,Ivan Toney\e09f279b,eng ENG,FW,Brentford,25-312,1996,20,20,1800,20.0,5,2,3,2,2,5,0,0.25,0.10,0.35,0.15,0.25,5.6,4.1,3.6,7.7,0.28,0.18,0.46,0.21,0.38,Matches
451,Ferrán Torres\9e1035f8,es ESP,FW,Manchester City,21-327,2000,4,4,303,3.4,2,1,2,0,0,0,0,0.59,0.30,0.89,0.59,0.89,2.5,2.5,0.0,2.5,0.74,0.01,0.75,0.74,0.75,Matches
452,Cenk Tosun\9a104dee,tr TUR,FW,Everton,30-229,1991,1,0,7,0.1,0,0,0,0,0,0,0,0.00,0.00,0.00,0.00,0.00,0.0,0.0,0.0,0.0,0.00,0.00,0.00,0.00,0.00,Matches
453,Andros Townsend\b28bbd58,eng ENG,MF,Everton,30-190,1991,16,15,1266,14.1,3,2,2,1,1,3,0,0.21,0.14,0.36,0.14,0.28,2.2,1.4,2.3,3.7,0.15,0.16,0.32,0.10,0.26,Matches
454,Adama Traoré\9a28eba4,es ESP,FW,Wolves,25-362,1996,19,10,1051,11.7,1,0,1,0,0,0,0,0.09,0.00,0.09,0.09,0.09,2.4,2.4,1.7,4.1,0.21,0.15,0.35,0.21,0.35,Matches
455,Bertrand Traoré\c47541e0,bf BFA,MFFW,Aston Villa,26-138,1995,6,1,154,1.7,0,0,0,0,0,0,0,0.00,0.00,0.00,0.00,0.00,0.2,0.2,0.0,0.2,0.09,0.00,0.09,0.09,0.09,Matches
456,Trézéguet\3ae14ed1,eg EGY,FW,Aston Villa,27-113,1994,1,0,11,0.1,0,0,0,0,0,0,0,0.00,0.00,0.00,0.00,0.00,0.1,0.1,0.0,0.1,0.59,0.00,0.59,0.59,0.59,Matches
457,Francisco Trincão\77e39b04,pt POR,FWMF,Wolves,22-024,1999,16,12,937,10.4,0,0,0,0,0,0,0,0.00,0.00,0.00,0.00,0.00,2.6,2.6,0.9,3.5,0.25,0.08,0.34,0.25,0.34,Matches
458,Kieran Trippier\21512407,eng ENG,DF,Newcastle Utd,31-125,1990,1,1,90,1.0,0,0,0,0,0,0,0,0.00,0.00,0.00,0.00,0.00,0.0,0.0,0.1,0.1,0.00,0.06,0.06,0.00,0.06,Matches
459,William Troost-Ekong\7ed4921e,ng NGA,DF,Watford,28-143,1993,16,15,1377,15.3,0,0,0,0,0,3,0,0.00,0.00,0.00,0.00,0.00,0.1,0.1,0.1,0.2,0.01,0.01,0.01,0.01,0.01,Matches
460,Leandro Trossard\38ceb24a,be BEL,FWMF,Brighton,27-049,1994,20,19,1650,18.3,4,1,3,1,1,1,0,0.22,0.05,0.27,0.16,0.22,4.1,3.4,1.7,5.1,0.23,0.09,0.32,0.18,0.28,Matches
461,Kostas Tsimikas\f315ca93,gr GRE,DF,Liverpool,25-255,1996,9,6,580,6.4,0,1,0,0,0,2,0,0.00,0.16,0.16,0.00,0.16,0.2,0.2,1.5,1.6,0.03,0.23,0.26,0.03,0.26,Matches
462,Axel Tuanzebe\2baec6ce,eng ENG,DF,Aston Villa,24-069,1997,9,6,508,5.6,0,0,0,0,0,1,0,0.00,0.00,0.00,0.00,0.00,0.2,0.2,0.0,0.2,0.03,0.00,0.03,0.03,0.03,Matches
463,Ozan Tufan\17d45fb2,tr TUR,MF,Watford,26-305,1995,7,4,334,3.7,0,0,0,0,0,0,0,0.00,0.00,0.00,0.00,0.00,0.5,0.5,0.2,0.8,0.14,0.07,0.20,0.14,0.20,Matches
464,Christos Tzolis\9f333379,gr GRE,FWMF,Norwich City,19-357,2002,11,3,308,3.4,0,0,0,0,0,0,0,0.00,0.00,0.00,0.00,0.00,0.5,0.5,0.9,1.3,0.14,0.25,0.39,0.14,0.39,Matches
465,Yan Valery\531a4aa8,fr FRA,DF,Southampton,22-334,1999,1,1,90,1.0,0,0,0,0,0,0,0,0.00,0.00,0.00,0.00,0.00,0.0,0.0,0.0,0.0,0.02,0.00,0.02,0.02,0.02,Matches
466,Raphaël Varane\9f8e9423,fr FRA,DF,Manchester Utd,28-272,1993,11,10,925,10.3,0,1,0,0,0,0,0,0.00,0.10,0.10,0.00,0.10,0.4,0.4,0.1,0.5,0.04,0.01,0.05,0.04,0.05,Matches
467,Jamie Vardy\45963054,eng ENG,FW,Leicester City,35-011,1987,16,15,1321,14.7,9,1,9,0,0,2,0,0.61,0.07,0.68,0.61,0.68,6.2,6.2,1.3,7.5,0.42,0.09,0.51,0.42,0.51,Matches
468,Joël Veltman\dad4b285,nl NED,DF,Brighton,30-007,1992,17,16,1371,15.2,0,1,0,0,0,4,0,0.00,0.07,0.07,0.00,0.07,0.2,0.2,0.9,1.0,0.01,0.06,0.07,0.01,0.07,Matches
469,Jannik Vestergaard\1900032e,dk DEN,DF,Leicester City,29-172,1992,9,6,565,6.3,0,0,0,0,0,2,0,0.00,0.00,0.00,0.00,0.00,0.1,0.1,0.0,0.1,0.01,0.01,0.01,0.01,0.01,Matches
470,Nikola Vlašić\aa8e289e,hr CRO,FWMF,West Ham,24-110,1997,11,4,358,4.0,1,0,1,0,0,0,0,0.25,0.00,0.25,0.25,0.25,0.8,0.8,0.3,1.1,0.20,0.07,0.27,0.20,0.27,Matches
471,Matěj Vydra\0d4ceb32,cz CZE,FW,Burnley,29-266,1992,15,2,359,4.0,1,1,1,0,0,0,0,0.25,0.25,0.50,0.25,0.50,1.9,1.9,0.2,2.1,0.48,0.05,0.53,0.48,0.53,Matches
472,Theo Walcott\1ecb65be,eng ENG,MF,Southampton,32-312,1989,8,5,378,4.2,0,0,0,0,0,0,0,0.00,0.00,0.00,0.00,0.00,0.7,0.7,0.0,0.7,0.17,0.01,0.18,0.17,0.18,Matches
473,Kyle Walker\86dd77d1,eng ENG,DF,Manchester City,31-239,1990,13,13,1125,12.5,0,1,0,0,0,1,0,0.00,0.08,0.08,0.00,0.08,0.2,0.2,0.7,0.8,0.01,0.05,0.07,0.01,0.07,Matches
474,Kyle Walker-Peters\984a5a64,eng ENG,DF,Southampton,24-284,1997,15,13,1168,13.0,0,2,0,0,0,5,0,0.00,0.15,0.15,0.00,0.15,0.2,0.2,1.5,1.7,0.02,0.11,0.13,0.02,0.13,Matches
475,Aaron Wan-Bissaka\9e525177,eng ENG,DF,Manchester Utd,24-057,1997,15,15,1343,14.9,0,0,0,0,0,2,0,0.00,0.00,0.00,0.00,0.00,0.1,0.1,0.6,0.7,0.00,0.04,0.05,0.00,0.05,Matches
476,Joel Ward\8a7ff278,eng ENG,DF,Crystal Palace,32-085,1989,20,20,1800,20.0,0,0,0,0,0,5,0,0.00,0.00,0.00,0.00,0.00,0.3,0.3,0.5,0.8,0.02,0.02,0.04,0.02,0.04,Matches
477,James Ward-Prowse\3515d404,eng ENG,MF,Southampton,27-082,1994,19,19,1685,18.7,6,2,3,3,3,3,1,0.32,0.11,0.43,0.16,0.27,3.3,1.0,2.6,3.6,0.18,0.14,0.31,0.05,0.19,Matches
478,Ollie Watkins\aed3a70f,eng ENG,FW,Aston Villa,26-023,1995,17,16,1452,16.1,5,1,5,0,0,3,0,0.31,0.06,0.37,0.31,0.37,6.0,6.0,1.0,7.0,0.37,0.06,0.43,0.37,0.43,Matches
479,Adam Webster\c40b6180,eng ENG,DF,Brighton,27-018,1995,12,11,897,10.0,1,0,1,0,0,4,0,0.10,0.00,0.10,0.10,0.10,0.3,0.3,0.1,0.4,0.03,0.01,0.04,0.03,0.04,Matches
480,Danny Welbeck\ce5143da,eng ENG,FWMF,Brighton,31-057,1990,8,4,374,4.2,2,0,2,0,0,0,0,0.48,0.00,0.48,0.48,0.48,0.7,0.7,0.1,0.8,0.18,0.02,0.20,0.18,0.20,Matches
481,Timo Werner\49fe9070,de GER,FW,Chelsea,25-322,1996,11,6,578,6.4,1,1,1,0,0,1,0,0.16,0.16,0.31,0.16,0.31,3.3,3.3,0.2,3.5,0.52,0.03,0.55,0.52,0.55,Matches
482,Ashley Westwood\495945ef,eng ENG,MF,Burnley,31-296,1990,15,15,1329,14.8,0,3,0,0,0,5,0,0.00,0.20,0.20,0.00,0.20,0.5,0.5,2.7,3.1,0.03,0.18,0.21,0.03,0.21,Matches
483,Ben White\35e413f1,eng ENG,DF,Arsenal,24-106,1997,18,18,1620,18.0,0,0,0,0,0,1,0,0.00,0.00,0.00,0.00,0.00,0.2,0.2,0.2,0.4,0.01,0.01,0.02,0.01,0.02,Matches
484,Brandon Williams\5e74d6c8,eng ENG,DF,Norwich City,21-141,2000,16,14,1313,14.6,0,1,0,0,0,4,0,0.00,0.07,0.07,0.00,0.07,0.1,0.1,0.6,0.7,0.00,0.04,0.05,0.00,0.05,Matches
485,Neco Williams\dd323728,wls WAL,DF,Liverpool,20-284,2001,1,0,8,0.1,0,1,0,0,0,0,0,0.00,11.25,11.25,0.00,11.25,0.0,0.0,0.6,0.6,0.00,6.50,6.50,0.00,6.50,Matches
486,Joe Willock\a3b03921,eng ENG,MF,Newcastle Utd,22-155,1999,16,13,1050,11.7,0,0,0,0,0,0,0,0.00,0.00,0.00,0.00,0.00,0.8,0.8,0.7,1.5,0.07,0.06,0.13,0.07,0.13,Matches
487,Callum Wilson\c596fcb0,eng ENG,FW,Newcastle Utd,29-329,1992,15,14,1184,13.2,6,0,5,1,1,4,0,0.46,0.00,0.46,0.38,0.38,4.4,3.6,0.4,4.1,0.33,0.03,0.37,0.28,0.31,Matches
488,Harry Winks\2f7acede,eng ENG,MF,Tottenham,25-354,1996,8,5,438,4.9,0,1,0,0,0,2,0,0.00,0.21,0.21,0.00,0.21,0.0,0.0,1.3,1.3,0.00,0.28,0.28,0.00,0.28,Matches
489,Yoane Wissa\2500cef9,cd COD,FWMF,Brentford,25-141,1996,14,3,463,5.1,3,0,3,0,0,0,0,0.58,0.00,0.58,0.58,0.58,0.7,0.7,0.2,0.9,0.14,0.04,0.18,0.14,0.18,Matches
490,Chris Wood\4e9a0555,nz NZL,FW,Newcastle Utd,30-046,1991,1,1,90,1.0,0,0,0,0,0,0,0,0.00,0.00,0.00,0.00,0.00,0.5,0.5,0.0,0.5,0.49,0.00,0.49,0.49,0.49,Matches
491,Chris Wood\4e9a0555,nz NZL,FW,Burnley,30-046,1991,17,17,1367,15.2,3,0,3,0,0,1,0,0.20,0.00,0.20,0.20,0.20,4.4,4.4,0.2,4.7,0.29,0.02,0.31,0.29,0.31,Matches
492,Freddie Woodman\19e50035,eng ENG,GK,Newcastle Utd,24-324,1997,4,4,360,4.0,0,0,0,0,0,0,0,0.00,0.00,0.00,0.00,0.00,0.0,0.0,0.0,0.0,0.00,0.00,0.00,0.00,0.00,Matches
493,Granit Xhaka\e61b8aee,ch SUI,MF,Arsenal,29-117,1992,10,10,825,9.2,0,1,0,0,0,4,1,0.00,0.11,0.11,0.00,0.11,0.5,0.5,0.7,1.2,0.05,0.08,0.13,0.05,0.13,Matches
494,Andriy Yarmolenko\849c826a,ua UKR,FWMF,West Ham,32-091,1989,11,0,95,1.1,0,0,0,0,0,1,0,0.00,0.00,0.00,0.00,0.00,0.3,0.3,0.0,0.3,0.28,0.03,0.31,0.28,0.31,Matches
495,Ashley Young\be927d03,eng ENG,FWDF,Aston Villa,36-197,1985,12,7,733,8.1,0,2,0,0,0,0,0,0.00,0.25,0.25,0.00,0.25,0.4,0.4,0.2,0.6,0.05,0.03,0.07,0.05,0.07,Matches
496,Wilfried Zaha\b2bc3b1f,ci CIV,FW,Crystal Palace,29-073,1992,17,16,1391,15.5,5,1,3,2,2,5,1,0.32,0.06,0.39,0.19,0.26,3.5,1.9,3.0,4.9,0.22,0.19,0.42,0.13,0.32,Matches
497,Oleksandr Zinchenko\51cf8561,ua UKR,DF,Manchester City,25-038,1996,7,5,507,5.6,0,1,0,0,0,0,0,0.00,0.18,0.18,0.00,0.18,0.1,0.1,0.5,0.6,0.02,0.09,0.11,0.02,0.11,Matches
498,Hakim Ziyech\6622454d,ma MAR,FWMF,Chelsea,28-309,1993,12,8,697,7.7,2,2,2,0,0,2,0,0.26,0.26,0.52,0.26,0.52,2.7,2.7,1.6,4.3,0.34,0.21,0.55,0.34,0.55,Matches
499,Kurt Zouma\ce4246f5,fr FRA,DF,West Ham,27-087,1994,11,11,970,10.8,1,0,1,0,0,1,0,0.09,0.00,0.09,0.09,0.09,0.3,0.3,0.0,0.3,0.03,0.00,0.03,0.03,0.03,Matches
500,Martin Ødegaard\79300479,no NOR,MF,Arsenal,23-036,1998,18,14,1219,13.5,4,4,4,0,0,2,0,0.30,0.30,0.59,0.30,0.59,1.5,1.5,3.3,4.8,0.11,0.24,0.35,0.11,0.35,Matches